cve_id,AV_response,AC_response,PR_response,UI_response,S_response,C_response,I_response,A_response
CVE-2025-28874,AV:N,AC:H,PR:H,UI:R,S:C,C:H,I:H,A:H
CVE-2025-28875,AV:N,AC:H,PR:H,UI:R,S:C,C:H,I:H,A:H
CVE-2025-28876,AV:N,AC:H,PR:H,UI:R,S:U,C:H,I:H,A:H
CVE-2025-28877,AV:N,AC:H,PR:H,UI:R,S:C,C:H,I:H,A:H
CVE-2025-28878,AV:N,AC:H,PR:H,UI:R,S:C,C:H,I:H,A:H
CVE-2025-28879,AV:N,AC:H,PR:H,UI:R,S:C,C:H,I:H,A:H
CVE-2025-28880,AV:N,AC:L,PR:H,UI:R,S:C,C:H,I:H,A:H
CVE-2025-28881,AV:N,AC:H,PR:H,UI:R,S:C,C:H,I:H,A:H
CVE-2025-28882,AV:N,AC:H,PR:H,UI:R,S:C,C:H,I:H,A:H
CVE-2025-28883,AV:N,AC:H,PR:H,UI:R,S:C,C:H,I:H,A:H
CVE-2025-28884,AV:N,AC:H,PR:H,UI:R,S:C,C:H,I:H,A:H
CVE-2025-28885,AV:N,AC:H,PR:H,UI:R,S:C,C:H,I:H,A:H
CVE-2025-28886,AV:N,AC:H,PR:H,UI:R,S:U,C:H,I:H,A:H
CVE-2025-28887,AV:N,AC:H,PR:H,UI:R,S:C,C:H,I:H,A:H
CVE-2025-28889,AV:N,AC:H,PR:H,UI:R,S:C,C:H,I:H,A:H
CVE-2025-28890,AV:N,AC:H,PR:H,UI:R,S:U,C:H,I:H,A:H
CVE-2025-28891,AV:N,AC:H,PR:H,UI:R,S:C,C:H,I:H,A:H
CVE-2025-28892,AV:N,AC:H,PR:H,UI:R,S:C,C:H,I:H,A:H
CVE-2025-28893,AV:N,AC:H,PR:H,UI:R,S:C,C:H,I:H,A:H
CVE-2025-28894,AV:N,AC:H,PR:H,UI:R,S:C,C:H,I:H,A:H
CVE-2025-28895,AV:N,AC:H,PR:H,UI:R,S:C,C:H,I:H,A:H
CVE-2025-28896,AV:N,AC:H,PR:H,UI:R,S:C,C:H,I:H,A:H
CVE-2025-28897,AV:N,AC:H,PR:H,UI:R,S:C,C:H,I:H,A:H
CVE-2025-28898,AV:N,AC:H,PR:H,UI:R,S:C,C:H,I:H,A:H
CVE-2025-28899,AV:N,AC:H,PR:H,UI:R,S:C,C:H,I:H,A:H
CVE-2025-28900,AV:N,AC:H,PR:H,UI:R,S:C,C:H,I:H,A:H
CVE-2025-28901,AV:N,AC:H,PR:H,UI:R,S:C,C:H,I:H,A:H
CVE-2025-28902,AV:N,AC:H,PR:H,UI:R,S:C,C:H,I:H,A:H
CVE-2025-28903,AV:N,AC:H,PR:H,UI:R,S:C,C:H,I:H,A:H
CVE-2025-28904,AV:N,AC:H,PR:H,UI:R,S:C,C:H,I:H,A:H
CVE-2025-28905,AV:N,AC:H,PR:H,UI:R,S:C,C:H,I:H,A:H
CVE-2025-28906,AV:N,AC:H,PR:H,UI:R,S:C,C:H,I:H,A:H
CVE-2025-28907,AV:N,AC:H,PR:H,UI:R,S:C,C:H,I:H,A:H
CVE-2025-28908,AV:N,AC:H,PR:H,UI:R,S:C,C:H,I:H,A:H
CVE-2025-28909,AV:N,AC:L,PR:H,UI:R,S:C,C:H,I:H,A:H
CVE-2025-2891,AV:N,AC:H,PR:H,UI:R,S:C,C:H,I:H,A:H
CVE-2025-28910,AV:N,AC:H,PR:H,UI:R,S:U,C:H,I:H,A:H
CVE-2025-28911,AV:N,AC:H,PR:H,UI:R,S:U,C:H,I:H,A:H
CVE-2025-28912,AV:N,AC:H,PR:H,UI:R,S:C,C:H,I:H,A:H
CVE-2025-28913,AV:N,AC:H,PR:H,UI:R,S:C,C:H,I:H,A:H
CVE-2025-28914,AV:N,AC:H,PR:H,UI:R,S:C,C:H,I:H,A:H
CVE-2025-28915,AV:N,AC:H,PR:H,UI:R,S:C,C:H,I:H,A:H
CVE-2025-28916,AV:L,AC:H,PR:H,UI:R,S:C,C:H,I:H,A:H
CVE-2025-28917,AV:N,AC:H,PR:H,UI:R,S:C,C:H,I:H,A:H
CVE-2025-28918,AV:N,AC:H,PR:H,UI:R,S:C,C:H,I:H,A:H
CVE-2025-28919,AV:N,AC:H,PR:H,UI:R,S:C,C:H,I:H,A:H
CVE-2025-28920,AV:N,AC:H,PR:H,UI:R,S:C,C:H,I:H,A:H
CVE-2025-28921,AV:N,AC:H,PR:H,UI:R,S:C,C:H,I:H,A:H
CVE-2025-28922,AV:N,AC:H,PR:H,UI:R,S:C,C:H,I:H,A:H
CVE-2025-28923,AV:N,AC:H,PR:H,UI:R,S:C,C:H,I:H,A:H
CVE-2025-28924,AV:N,AC:H,PR:H,UI:R,S:U,C:H,I:H,A:H
CVE-2025-28925,AV:N,AC:H,PR:H,UI:R,S:C,C:H,I:H,A:H
CVE-2025-28926,AV:N,AC:H,PR:H,UI:R,S:C,C:H,I:H,A:H
CVE-2025-28927,AV:N,AC:H,PR:H,UI:R,S:C,C:H,I:H,A:H
CVE-2025-28928,AV:N,AC:H,PR:H,UI:R,S:C,C:H,I:H,A:H
CVE-2025-28929,AV:N,AC:H,PR:H,UI:R,S:C,C:H,I:H,A:H
CVE-2025-28930,AV:N,AC:H,PR:H,UI:R,S:C,C:H,I:H,A:H
CVE-2025-28931,AV:N,AC:H,PR:H,UI:R,S:C,C:H,I:H,A:H
CVE-2025-28932,AV:N,AC:H,PR:H,UI:R,S:C,C:H,I:H,A:H
CVE-2025-28933,AV:N,AC:H,PR:H,UI:R,S:C,C:H,I:H,A:H
CVE-2025-28934,AV:N,AC:L,PR:H,UI:R,S:C,C:H,I:H,A:H
CVE-2025-28935,AV:N,AC:H,PR:H,UI:R,S:C,C:H,I:H,A:H
CVE-2025-28936,AV:N,AC:H,PR:H,UI:R,S:C,C:H,I:H,A:H
CVE-2025-28937,AV:N,AC:H,PR:H,UI:R,S:C,C:H,I:H,A:H
CVE-2025-28938,AV:N,AC:H,PR:H,UI:R,S:C,C:H,I:H,A:H
CVE-2025-28939,AV:N,AC:H,PR:H,UI:R,S:C,C:H,I:H,A:H
CVE-2025-2894,AV:N,AC:H,PR:H,UI:R,S:C,C:H,I:H,A:H
CVE-2025-28940,AV:N,AC:H,PR:H,UI:R,S:C,C:H,I:H,A:H
CVE-2025-28941,AV:N,AC:H,PR:H,UI:R,S:C,C:H,I:H,A:H
CVE-2025-28942,AV:N,AC:H,PR:H,UI:R,S:C,C:H,I:H,A:H
CVE-2025-28943,AV:N,AC:H,PR:H,UI:R,S:C,C:H,I:H,A:H
CVE-2025-2901,AV:N,AC:H,PR:H,UI:R,S:C,C:H,I:H,A:H
CVE-2025-2906,AV:N,AC:H,PR:H,UI:R,S:C,C:H,I:H,A:H
CVE-2025-29266,AV:N,AC:H,PR:H,UI:R,S:C,C:H,I:H,A:H
CVE-2025-29766,AV:N,AC:H,PR:H,UI:R,S:C,C:H,I:H,A:H
CVE-2025-29768,AV:L,AC:L,PR:L,UI:R,S:C,C:M,I:L,A:L
CVE-2025-29770,AV:N,AC:H,PR:H,UI:R,S:C,C:H,I:H,A:H
CVE-2025-29773,AV:L,AC:H,PR:H,UI:R,S:C,C:L,I:H,A:H
CVE-2025-29778,AV:N,AC:H,PR:H,UI:R,S:C,C:H,I:H,A:H
CVE-2025-29781,AV:N,AC:H,PR:H,UI:R,S:C,C:H,I:H,A:H
CVE-2025-29783,AV:N,AC:H,PR:H,UI:R,S:C,C:H,I:H,A:H
CVE-2025-29786,AV:N,AC:L,PR:L,UI:R,S:C,C:H,I:L,A:L
CVE-2025-29788,AV:N,AC:H,PR:H,UI:R,S:C,C:H,I:H,A:H
CVE-2025-29795,AV:N,AC:L,PR:N,UI:N,S:U,C:N,I:N,A:N
CVE-2025-29796,AV:N,AC:H,PR:N,UI:N,S:U,C:N,I:N,A:N
CVE-2025-29806,AV:N,AC:L,PR:N,UI:N,S:U,C:N,I:N,A:N
CVE-2025-29807,AV:N,AC:L,PR:N,UI:N,S:U,C:N,I:N,A:N
CVE-2025-29814,AV:N,AC:L,PR:N,UI:N,S:U,C:N,I:N,A:N
CVE-2025-29815,AV:N,AC:L,PR:N,UI:N,S:C,C:N,I:N,A:N
CVE-2025-29903,AV:N,AC:H,PR:H,UI:R,S:C,C:H,I:H,A:H
CVE-2025-29904,AV:N,AC:H,PR:H,UI:R,S:C,C:H,I:H,A:H
CVE-2025-29908,AV:N,AC:H,PR:H,UI:R,S:C,C:H,I:H,A:H
CVE-2025-29914,AV:N,AC:H,PR:H,UI:R,S:C,C:H,I:H,A:H
CVE-2025-29922,AV:N,AC:H,PR:H,UI:R,S:C,C:H,I:H,A:H
CVE-2025-29923,AV:N,AC:L,PR:H,UI:R,S:C,C:L,I:H,A:H
CVE-2025-29927,AV:N,AC:H,PR:H,UI:R,S:C,C:H,I:H,A:H
CVE-2025-29928,AV:N,AC:H,PR:H,UI:R,S:C,C:H,I:H,A:H
CVE-2025-29929,AV:N,AC:H,PR:H,UI:R,S:C,C:H,I:H,A:H
CVE-2025-29932,AV:N,AC:H,PR:H,UI:R,S:C,C:H,I:H,A:H
CVE-2025-29981,AV:N,AC:H,PR:H,UI:R,S:C,C:H,I:H,A:H
CVE-2025-29982,AV:L,AC:L,PR:L,UI:R,S:C,C:H,I:H,A:H
CVE-2025-29987,AV:N,AC:H,PR:H,UI:R,S:C,C:H,I:H,A:H
CVE-2025-29991,AV:N,AC:H,PR:H,UI:R,S:C,C:H,I:H,A:H
CVE-2025-30004,AV:N,AC:H,PR:H,UI:R,S:C,C:H,I:H,A:H
CVE-2025-30005,AV:N,AC:H,PR:H,UI:R,S:C,C:H,I:H,A:H
CVE-2025-30006,AV:N,AC:H,PR:H,UI:R,S:C,C:H,I:H,A:H
CVE-2025-30066,AV:N,AC:H,PR:H,UI:R,S:C,C:H,I:H,A:H
CVE-2025-30074,AV:L,AC:H,PR:H,UI:R,S:C,C:H,I:H,A:H
CVE-2025-30076,AV:N,AC:H,PR:H,UI:R,S:C,C:H,I:H,A:H
CVE-2025-30077,AV:N,AC:H,PR:H,UI:R,S:C,C:H,I:H,A:H
CVE-2025-30089,AV:N,AC:H,PR:N,UI:N,S:C,C:H,I:L,A:N
CVE-2025-30090,AV:N,AC:H,PR:H,UI:R,S:C,C:H,I:H,A:H
CVE-2025-3011,AV:N,AC:H,PR:H,UI:R,S:C,C:H,I:H,A:H
CVE-2025-30143,AV:N,AC:L,PR:H,UI:N,S:C,C:H,I:H,A:L
CVE-2025-30144,AV:N,AC:H,PR:H,UI:R,S:C,C:H,I:H,A:H
CVE-2025-30149,AV:N,AC:H,PR:H,UI:R,S:C,C:H,I:H,A:H
CVE-2025-30152,AV:N,AC:H,PR:H,UI:R,S:C,C:H,I:H,A:H
CVE-2025-30153,AV:N,AC:L,PR:H,UI:R,S:C,C:H,I:H,A:H
CVE-2025-30154,AV:N,AC:H,PR:H,UI:R,S:C,C:H,I:H,A:H
CVE-2025-30155,AV:N,AC:H,PR:H,UI:R,S:C,C:H,I:H,A:H
CVE-2025-30157,AV:L,AC:H,PR:H,UI:R,S:C,C:H,I:H,A:H
CVE-2025-30162,AV:N,AC:H,PR:H,UI:R,S:C,C:H,I:H,A:H
CVE-2025-30163,AV:N,AC:L,PR:H,UI:R,S:C,C:H,I:L,A:H
CVE-2025-30164,AV:N,AC:H,PR:H,UI:R,S:C,C:H,I:H,A:H
CVE-2025-30168,AV:N,AC:H,PR:H,UI:R,S:C,C:H,I:H,A:H
CVE-2025-30179,AV:N,AC:H,PR:H,UI:R,S:C,C:H,I:H,A:H
CVE-2025-30203,AV:N,AC:H,PR:H,UI:R,S:C,C:H,I:H,A:H
CVE-2025-30204,AV:N,AC:H,PR:L,UI:R,S:C,C:L,I:L,A:L
CVE-2025-30205,AV:N,AC:L,PR:H,UI:R,S:C,C:L,I:L,A:H
CVE-2025-30208,AV:N,AC:H,PR:H,UI:R,S:C,C:H,I:H,A:H
CVE-2025-30209,AV:N,AC:H,PR:H,UI:R,S:C,C:H,I:H,A:H
CVE-2025-30211,AV:N,AC:H,PR:H,UI:R,S:C,C:H,I:H,A:H
CVE-2025-30216,AV:L,AC:H,PR:H,UI:R,S:C,C:H,I:H,A:H
CVE-2025-30219,AV:N,AC:H,PR:H,UI:R,S:C,C:H,I:H,A:H
CVE-2025-30223,AV:N,AC:H,PR:H,UI:R,S:C,C:H,I:H,A:H
CVE-2025-30225,AV:N,AC:H,PR:H,UI:R,S:C,C:H,I:H,A:H
CVE-2025-30232,AV:L,AC:H,PR:H,UI:R,S:C,C:H,I:H,A:H
CVE-2025-30234,AV:N,AC:H,PR:L,UI:N,S:U,C:H,I:H,A:H
CVE-2025-30235,AV:N,AC:H,PR:H,UI:R,S:C,C:H,I:H,A:H
CVE-2025-30236,AV:N,AC:H,PR:H,UI:R,S:C,C:H,I:H,A:H
CVE-2025-30258,AV:N,AC:H,PR:H,UI:R,S:C,C:H,I:H,A:H
CVE-2025-30342,AV:N,AC:H,PR:H,UI:R,S:C,C:H,I:H,A:H
CVE-2025-30343,AV:N,AC:H,PR:H,UI:R,S:C,C:H,I:H,A:H
CVE-2025-30344,AV:N,AC:H,PR:H,UI:R,S:C,C:H,I:H,A:H
CVE-2025-30345,AV:N,AC:L,PR:L,UI:R,S:C,C:L,I:L,A:L
CVE-2025-30346,AV:N,AC:H,PR:H,UI:R,S:C,C:H,I:H,A:H
CVE-2025-30347,AV:N,AC:H,PR:H,UI:N,S:C,C:H,I:H,A:H
CVE-2025-30348,AV:N,AC:H,PR:L,UI:N,S:C,C:H,I:N,A:H
CVE-2025-30349,AV:N,AC:H,PR:H,UI:R,S:C,C:H,I:H,A:H
CVE-2025-30350,AV:N,AC:H,PR:H,UI:R,S:C,C:H,I:H,A:H
CVE-2025-30351,AV:N,AC:H,PR:H,UI:R,S:C,C:H,I:H,A:H
CVE-2025-30352,AV:N,AC:H,PR:H,UI:R,S:C,C:H,I:H,A:H
CVE-2025-30353,AV:N,AC:H,PR:H,UI:R,S:C,C:H,I:H,A:H
CVE-2025-30355,AV:N,AC:H,PR:H,UI:R,S:C,C:H,I:H,A:H
CVE-2025-30358,AV:N,AC:H,PR:H,UI:R,S:C,C:H,I:H,A:H
CVE-2025-30368,AV:N,AC:H,PR:H,UI:R,S:C,C:H,I:H,A:H
CVE-2025-30369,AV:N,AC:H,PR:H,UI:R,S:C,C:H,I:H,A:H
CVE-2025-30370,AV:N,AC:H,PR:H,UI:R,S:C,C:H,I:H,A:H
CVE-2025-30406,AV:N,AC:H,PR:H,UI:R,S:C,C:H,I:H,A:H
CVE-2025-3047,AV:N,AC:H,PR:H,UI:R,S:C,C:H,I:H,A:H
CVE-2025-30472,AV:N,AC:H,PR:H,UI:R,S:C,C:H,I:H,A:H
CVE-2025-3048,AV:L,AC:H,PR:H,UI:R,S:C,C:H,I:H,A:H
CVE-2025-30520,AV:N,AC:L,PR:H,UI:R,S:C,C:H,I:H,A:H
CVE-2025-30521,AV:N,AC:H,PR:H,UI:R,S:U,C:H,I:H,A:H
CVE-2025-30522,AV:N,AC:H,PR:H,UI:R,S:C,C:H,I:H,A:H
CVE-2025-30523,AV:N,AC:H,PR:H,UI:R,S:C,C:H,I:H,A:H
CVE-2025-30524,AV:N,AC:H,PR:H,UI:R,S:C,C:H,I:H,A:H
CVE-2025-30525,AV:N,AC:H,PR:H,UI:R,S:C,C:H,I:H,A:H
CVE-2025-30526,AV:N,AC:H,PR:H,UI:R,S:C,C:H,I:H,A:H
CVE-2025-30527,AV:N,AC:H,PR:H,UI:R,S:C,C:H,I:H,A:H
CVE-2025-30528,AV:N,AC:H,PR:H,UI:R,S:C,C:H,I:H,A:H
CVE-2025-30529,AV:N,AC:H,PR:H,UI:R,S:C,C:H,I:H,A:H
CVE-2025-30530,AV:N,AC:H,PR:H,UI:R,S:C,C:H,I:H,A:H
CVE-2025-30531,AV:N,AC:H,PR:H,UI:R,S:U,C:H,I:H,A:H
CVE-2025-30532,AV:N,AC:H,PR:H,UI:R,S:C,C:H,I:H,A:H
CVE-2025-30533,AV:N,AC:H,PR:H,UI:R,S:C,C:H,I:H,A:H
CVE-2025-30534,AV:N,AC:H,PR:H,UI:R,S:C,C:H,I:H,A:H
CVE-2025-30535,AV:N,AC:H,PR:H,UI:R,S:C,C:H,I:H,A:H
CVE-2025-30536,AV:N,AC:H,PR:H,UI:R,S:C,C:H,I:H,A:H
CVE-2025-30537,AV:N,AC:H,PR:H,UI:R,S:C,C:H,I:H,A:H
CVE-2025-30538,AV:N,AC:H,PR:H,UI:R,S:C,C:H,I:L,A:H
CVE-2025-30539,AV:N,AC:H,PR:H,UI:R,S:C,C:H,I:H,A:H
CVE-2025-30540,AV:N,AC:H,PR:H,UI:R,S:C,C:H,I:H,A:H
CVE-2025-30541,AV:N,AC:H,PR:H,UI:R,S:C,C:H,I:H,A:H
CVE-2025-30542,AV:N,AC:H,PR:H,UI:R,S:C,C:H,I:H,A:H
CVE-2025-30543,AV:N,AC:H,PR:H,UI:R,S:C,C:H,I:H,A:H
CVE-2025-30544,AV:N,AC:H,PR:H,UI:R,S:C,C:H,I:H,A:H
CVE-2025-30545,AV:N,AC:H,PR:H,UI:R,S:C,C:H,I:H,A:H
CVE-2025-30546,AV:N,AC:H,PR:H,UI:R,S:C,C:H,I:H,A:H
CVE-2025-30547,AV:N,AC:H,PR:H,UI:R,S:C,C:H,I:H,A:H
CVE-2025-30548,AV:N,AC:H,PR:H,UI:R,S:C,C:H,I:H,A:H
CVE-2025-30549,AV:N,AC:H,PR:H,UI:R,S:U,C:H,I:H,A:H
CVE-2025-30550,AV:N,AC:H,PR:H,UI:R,S:C,C:H,I:H,A:H
CVE-2025-30551,AV:N,AC:H,PR:H,UI:R,S:C,C:H,I:H,A:H
CVE-2025-30552,AV:N,AC:H,PR:H,UI:R,S:C,C:H,I:H,A:H
CVE-2025-30553,AV:N,AC:H,PR:H,UI:R,S:C,C:H,I:H,A:H
CVE-2025-30554,AV:N,AC:H,PR:H,UI:R,S:C,C:H,I:H,A:H
CVE-2025-30555,AV:N,AC:H,PR:H,UI:R,S:C,C:H,I:H,A:H
CVE-2025-30556,AV:N,AC:H,PR:H,UI:R,S:C,C:H,I:H,A:H
CVE-2025-30557,AV:N,AC:H,PR:H,UI:R,S:C,C:H,I:H,A:H
CVE-2025-30558,AV:N,AC:H,PR:H,UI:R,S:C,C:H,I:H,A:H
CVE-2025-30559,AV:N,AC:H,PR:H,UI:R,S:C,C:H,I:H,A:H
CVE-2025-30560,AV:N,AC:H,PR:H,UI:R,S:C,C:H,I:H,A:H
CVE-2025-30561,AV:N,AC:H,PR:H,UI:R,S:C,C:H,I:H,A:H
CVE-2025-30563,AV:N,AC:H,PR:H,UI:R,S:C,C:H,I:H,A:H
CVE-2025-30564,AV:N,AC:H,PR:H,UI:R,S:C,C:H,I:H,A:H
CVE-2025-30565,AV:N,AC:H,PR:H,UI:R,S:C,C:H,I:H,A:H
CVE-2025-30566,AV:N,AC:H,PR:H,UI:R,S:C,C:H,I:H,A:H
CVE-2025-30567,AV:N,AC:H,PR:H,UI:R,S:C,C:H,I:H,A:H
CVE-2025-30568,AV:N,AC:H,PR:H,UI:R,S:C,C:H,I:H,A:H
CVE-2025-30569,AV:N,AC:H,PR:H,UI:R,S:C,C:H,I:H,A:H
CVE-2025-30570,AV:N,AC:H,PR:H,UI:R,S:C,C:H,I:H,A:H
CVE-2025-30571,AV:N,AC:H,PR:H,UI:R,S:C,C:H,I:H,A:H
CVE-2025-30572,AV:N,AC:H,PR:H,UI:R,S:C,C:H,I:H,A:H
CVE-2025-30573,AV:N,AC:H,PR:H,UI:R,S:C,C:H,I:H,A:H
CVE-2025-30574,AV:N,AC:H,PR:H,UI:R,S:C,C:H,I:H,A:H
CVE-2025-30575,AV:N,AC:H,PR:H,UI:R,S:C,C:H,I:H,A:H
CVE-2025-30576,AV:N,AC:H,PR:H,UI:R,S:U,C:H,I:H,A:H
CVE-2025-30577,AV:N,AC:H,PR:H,UI:R,S:C,C:H,I:H,A:H
CVE-2025-30578,AV:N,AC:H,PR:H,UI:R,S:C,C:H,I:H,A:H
CVE-2025-30579,AV:N,AC:H,PR:H,UI:R,S:C,C:H,I:H,A:H
CVE-2025-30580,AV:N,AC:H,PR:H,UI:R,S:C,C:H,I:H,A:H
CVE-2025-30581,AV:N,AC:H,PR:H,UI:R,S:C,C:H,I:H,A:H
CVE-2025-30583,AV:N,AC:H,PR:H,UI:R,S:C,C:H,I:H,A:H
CVE-2025-30584,AV:N,AC:H,PR:H,UI:R,S:C,C:H,I:H,A:H
CVE-2025-30585,AV:N,AC:H,PR:H,UI:R,S:C,C:H,I:H,A:H
CVE-2025-30586,AV:N,AC:H,PR:H,UI:R,S:C,C:H,I:H,A:H
CVE-2025-30587,AV:N,AC:H,PR:H,UI:R,S:C,C:H,I:H,A:H
CVE-2025-30588,AV:N,AC:H,PR:H,UI:R,S:C,C:H,I:H,A:H
CVE-2025-30589,AV:N,AC:H,PR:H,UI:R,S:C,C:H,I:H,A:H
CVE-2025-30590,AV:N,AC:H,PR:H,UI:R,S:C,C:H,I:H,A:H
CVE-2025-30591,AV:N,AC:H,PR:H,UI:R,S:C,C:H,I:H,A:H
CVE-2025-30592,AV:N,AC:H,PR:H,UI:R,S:C,C:H,I:H,A:H
CVE-2025-30593,AV:N,AC:H,PR:H,UI:R,S:C,C:H,I:H,A:H
CVE-2025-30594,AV:N,AC:H,PR:H,UI:R,S:C,C:H,I:H,A:H
CVE-2025-30595,AV:N,AC:H,PR:H,UI:R,S:C,C:H,I:H,A:H
CVE-2025-30596,AV:N,AC:H,PR:H,UI:R,S:C,C:H,I:H,A:H
CVE-2025-30597,AV:N,AC:H,PR:H,UI:R,S:C,C:H,I:H,A:H
CVE-2025-30598,AV:N,AC:H,PR:H,UI:R,S:C,C:H,I:H,A:H
CVE-2025-30599,AV:N,AC:H,PR:H,UI:R,S:C,C:H,I:H,A:H
CVE-2025-30600,AV:N,AC:H,PR:H,UI:R,S:C,C:H,I:H,A:H
CVE-2025-30601,AV:N,AC:H,PR:H,UI:R,S:C,C:H,I:H,A:H
CVE-2025-30602,AV:N,AC:H,PR:H,UI:R,S:C,C:H,I:H,A:H
CVE-2025-30603,AV:N,AC:H,PR:H,UI:R,S:C,C:H,I:H,A:H
CVE-2025-30604,AV:N,AC:H,PR:H,UI:R,S:C,C:H,I:H,A:H
CVE-2025-30605,AV:N,AC:H,PR:H,UI:R,S:C,C:H,I:H,A:H
CVE-2025-30606,AV:N,AC:H,PR:H,UI:R,S:C,C:H,I:H,A:H
CVE-2025-30607,AV:N,AC:H,PR:H,UI:R,S:C,C:H,I:H,A:H
CVE-2025-30608,AV:N,AC:H,PR:H,UI:R,S:C,C:H,I:H,A:H
CVE-2025-30609,AV:N,AC:H,PR:H,UI:R,S:U,C:H,I:H,A:H
CVE-2025-30610,AV:N,AC:H,PR:H,UI:R,S:C,C:H,I:H,A:H
CVE-2025-30611,AV:N,AC:H,PR:H,UI:R,S:C,C:H,I:H,A:H
CVE-2025-30612,AV:N,AC:H,PR:H,UI:R,S:C,C:H,I:H,A:H
CVE-2025-30613,AV:N,AC:H,PR:H,UI:R,S:C,C:H,I:H,A:H
CVE-2025-30614,AV:N,AC:H,PR:H,UI:R,S:C,C:H,I:H,A:H
CVE-2025-30615,AV:N,AC:H,PR:H,UI:R,S:C,C:H,I:H,A:H
CVE-2025-30616,AV:N,AC:H,PR:H,UI:R,S:C,C:H,I:H,A:H
CVE-2025-30617,AV:N,AC:H,PR:H,UI:R,S:C,C:H,I:H,A:H
CVE-2025-30619,AV:N,AC:H,PR:H,UI:R,S:C,C:H,I:H,A:H
CVE-2025-30620,AV:N,AC:H,PR:H,UI:R,S:C,C:H,I:H,A:H
CVE-2025-30621,AV:N,AC:H,PR:H,UI:R,S:C,C:H,I:H,A:H
CVE-2025-30622,AV:N,AC:H,PR:H,UI:R,S:C,C:H,I:H,A:H
CVE-2025-30623,AV:N,AC:H,PR:H,UI:R,S:C,C:H,I:H,A:H
CVE-2025-3063,AV:N,AC:H,PR:H,UI:R,S:C,C:H,I:H,A:H
CVE-2025-30741,AV:N,AC:H,PR:H,UI:R,S:C,C:H,I:H,A:H
CVE-2025-30742,AV:N,AC:L,PR:L,UI:N,S:U,C:H,I:L,A:L
CVE-2025-30763,AV:N,AC:H,PR:H,UI:R,S:C,C:H,I:H,A:H
CVE-2025-30764,AV:N,AC:H,PR:H,UI:R,S:C,C:H,I:H,A:H
CVE-2025-30765,AV:N,AC:H,PR:H,UI:R,S:C,C:H,I:H,A:H
CVE-2025-30766,AV:N,AC:H,PR:H,UI:R,S:C,C:H,I:H,A:H
CVE-2025-30767,AV:N,AC:H,PR:H,UI:R,S:C,C:H,I:H,A:H
CVE-2025-30768,AV:N,AC:H,PR:H,UI:R,S:C,C:H,I:H,A:H
CVE-2025-30769,AV:N,AC:H,PR:H,UI:R,S:C,C:H,I:H,A:H
CVE-2025-30770,AV:N,AC:H,PR:H,UI:R,S:C,C:H,I:H,A:H
CVE-2025-30771,AV:N,AC:H,PR:H,UI:R,S:C,C:H,I:H,A:H
CVE-2025-30772,AV:N,AC:H,PR:H,UI:R,S:C,C:H,I:H,A:H
CVE-2025-30773,AV:N,AC:H,PR:H,UI:R,S:C,C:H,I:H,A:H
CVE-2025-30774,AV:N,AC:H,PR:H,UI:R,S:C,C:H,I:H,A:H
CVE-2025-30775,AV:N,AC:H,PR:H,UI:R,S:C,C:H,I:H,A:H
CVE-2025-30776,AV:N,AC:H,PR:H,UI:R,S:C,C:H,I:H,A:H
CVE-2025-30777,AV:N,AC:H,PR:H,UI:R,S:C,C:H,I:H,A:H
CVE-2025-30778,AV:N,AC:L,PR:H,UI:R,S:C,C:H,I:H,A:H
CVE-2025-30779,AV:N,AC:H,PR:H,UI:R,S:C,C:H,I:H,A:H
CVE-2025-30780,AV:N,AC:H,PR:H,UI:R,S:C,C:H,I:H,A:H
CVE-2025-30781,AV:N,AC:H,PR:H,UI:R,S:C,C:H,I:H,A:H
CVE-2025-30782,AV:L,AC:H,PR:H,UI:R,S:C,C:H,I:H,A:H
CVE-2025-30783,AV:N,AC:H,PR:H,UI:R,S:C,C:H,I:H,A:H
CVE-2025-30784,AV:N,AC:H,PR:H,UI:R,S:C,C:H,I:H,A:H
CVE-2025-30785,AV:L,AC:H,PR:H,UI:R,S:C,C:H,I:H,A:H
CVE-2025-30786,AV:N,AC:H,PR:H,UI:R,S:C,C:H,I:H,A:H
CVE-2025-30787,AV:N,AC:H,PR:H,UI:R,S:C,C:H,I:H,A:H
CVE-2025-30788,AV:N,AC:H,PR:H,UI:R,S:C,C:H,I:H,A:H
CVE-2025-30789,AV:N,AC:H,PR:H,UI:R,S:C,C:H,I:H,A:H
CVE-2025-30790,AV:N,AC:H,PR:H,UI:R,S:C,C:H,I:H,A:H
CVE-2025-30791,AV:N,AC:H,PR:H,UI:R,S:C,C:H,I:H,A:H
CVE-2025-30792,AV:N,AC:H,PR:H,UI:R,S:C,C:H,I:H,A:H
CVE-2025-30793,AV:N,AC:H,PR:H,UI:R,S:C,C:H,I:H,A:H
CVE-2025-30794,AV:N,AC:H,PR:H,UI:R,S:C,C:H,I:H,A:H
CVE-2025-30795,AV:N,AC:H,PR:H,UI:R,S:C,C:H,I:H,A:H
CVE-2025-30796,AV:N,AC:H,PR:H,UI:R,S:C,C:H,I:H,A:H
CVE-2025-30797,AV:N,AC:H,PR:H,UI:R,S:C,C:H,I:H,A:H
CVE-2025-30798,AV:N,AC:H,PR:H,UI:R,S:C,C:H,I:H,A:H
CVE-2025-30799,AV:N,AC:H,PR:H,UI:R,S:C,C:H,I:H,A:H
CVE-2025-30800,AV:N,AC:H,PR:H,UI:R,S:C,C:H,I:H,A:H
CVE-2025-30801,AV:N,AC:H,PR:H,UI:R,S:C,C:H,I:H,A:H
CVE-2025-30802,AV:N,AC:H,PR:H,UI:N,S:C,C:H,I:H,A:H
CVE-2025-30803,AV:N,AC:H,PR:H,UI:R,S:C,C:H,I:H,A:H
CVE-2025-30804,AV:N,AC:H,PR:H,UI:R,S:C,C:H,I:H,A:H
CVE-2025-30805,AV:N,AC:L,PR:H,UI:R,S:C,C:H,I:H,A:H
CVE-2025-30806,AV:N,AC:H,PR:H,UI:R,S:C,C:H,I:H,A:H
CVE-2025-30807,AV:N,AC:H,PR:H,UI:R,S:C,C:H,I:H,A:H
CVE-2025-30808,AV:N,AC:H,PR:H,UI:R,S:C,C:H,I:H,A:H
CVE-2025-30809,AV:N,AC:H,PR:H,UI:R,S:C,C:H,I:H,A:H
CVE-2025-30810,AV:N,AC:H,PR:H,UI:R,S:C,C:H,I:H,A:H
CVE-2025-30811,AV:N,AC:H,PR:H,UI:R,S:U,C:H,I:H,A:H
CVE-2025-30812,AV:N,AC:H,PR:H,UI:R,S:C,C:H,I:H,A:H
CVE-2025-30813,AV:N,AC:H,PR:H,UI:R,S:C,C:H,I:H,A:H
CVE-2025-30814,AV:L,AC:H,PR:H,UI:R,S:C,C:H,I:H,A:H
CVE-2025-30815,AV:N,AC:H,PR:H,UI:R,S:C,C:H,I:H,A:H
CVE-2025-30816,AV:N,AC:H,PR:H,UI:R,S:C,C:H,I:L,A:H
CVE-2025-30817,AV:N,AC:H,PR:H,UI:R,S:C,C:H,I:H,A:H
CVE-2025-30818,AV:N,AC:H,PR:H,UI:R,S:C,C:H,I:H,A:H
CVE-2025-30819,AV:N,AC:H,PR:H,UI:R,S:C,C:H,I:H,A:H
CVE-2025-3082,AV:N,AC:H,PR:H,UI:R,S:C,C:H,I:H,A:H
CVE-2025-30820,AV:L,AC:H,PR:H,UI:R,S:C,C:H,I:H,A:H
CVE-2025-30821,AV:N,AC:H,PR:H,UI:R,S:C,C:H,I:H,A:H
CVE-2025-30822,AV:N,AC:H,PR:H,UI:R,S:C,C:H,I:H,A:H
CVE-2025-30823,AV:N,AC:H,PR:H,UI:R,S:C,C:H,I:H,A:H
CVE-2025-30824,AV:N,AC:H,PR:H,UI:R,S:C,C:H,I:H,A:H
CVE-2025-30825,AV:N,AC:H,PR:H,UI:R,S:C,C:H,I:H,A:H
CVE-2025-30826,AV:N,AC:H,PR:H,UI:R,S:C,C:H,I:H,A:H
CVE-2025-30827,AV:N,AC:H,PR:H,UI:R,S:C,C:H,I:H,A:H
CVE-2025-30828,AV:N,AC:H,PR:H,UI:R,S:C,C:H,I:H,A:H
CVE-2025-30829,AV:L,AC:H,PR:H,UI:R,S:C,C:H,I:H,A:H
CVE-2025-3083,AV:N,AC:H,PR:H,UI:R,S:C,C:H,I:H,A:H
CVE-2025-30830,AV:N,AC:H,PR:H,UI:R,S:C,C:H,I:H,A:H
CVE-2025-30831,AV:L,AC:H,PR:H,UI:R,S:C,C:H,I:H,A:H
CVE-2025-30832,AV:N,AC:H,PR:H,UI:R,S:U,C:H,I:H,A:H
CVE-2025-30833,AV:N,AC:H,PR:H,UI:R,S:C,C:H,I:H,A:L
CVE-2025-30834,AV:N,AC:H,PR:H,UI:R,S:C,C:H,I:H,A:H
CVE-2025-30835,AV:L,AC:H,PR:H,UI:R,S:C,C:H,I:H,A:H
CVE-2025-30836,AV:N,AC:H,PR:H,UI:R,S:C,C:H,I:H,A:H
CVE-2025-30837,AV:N,AC:H,PR:H,UI:R,S:C,C:H,I:H,A:H
CVE-2025-30838,AV:N,AC:H,PR:H,UI:R,S:C,C:H,I:H,A:H
CVE-2025-30839,AV:N,AC:H,PR:H,UI:R,S:C,C:H,I:H,A:H
CVE-2025-3084,AV:N,AC:H,PR:H,UI:R,S:C,C:H,I:H,A:L
CVE-2025-30840,AV:N,AC:H,PR:H,UI:R,S:C,C:H,I:H,A:H
CVE-2025-30841,AV:N,AC:H,PR:H,UI:R,S:C,C:H,I:H,A:H
CVE-2025-30842,AV:N,AC:H,PR:H,UI:R,S:C,C:H,I:H,A:H
CVE-2025-30843,AV:N,AC:H,PR:H,UI:R,S:C,C:H,I:H,A:H
CVE-2025-30844,AV:N,AC:H,PR:H,UI:R,S:C,C:H,I:H,A:H
CVE-2025-30845,AV:N,AC:H,PR:H,UI:R,S:C,C:H,I:H,A:H
CVE-2025-30846,AV:L,AC:H,PR:H,UI:R,S:C,C:H,I:H,A:H
CVE-2025-30847,AV:N,AC:H,PR:H,UI:R,S:C,C:H,I:H,A:H
CVE-2025-30848,AV:N,AC:H,PR:H,UI:R,S:C,C:H,I:H,A:H
CVE-2025-30849,AV:L,AC:L,PR:H,UI:R,S:C,C:H,I:H,A:H
CVE-2025-3085,AV:N,AC:H,PR:H,UI:R,S:C,C:H,I:H,A:H
CVE-2025-30850,AV:N,AC:H,PR:H,UI:R,S:C,C:H,I:H,A:H
CVE-2025-30851,AV:N,AC:H,PR:H,UI:R,S:C,C:H,I:H,A:H
CVE-2025-30852,AV:N,AC:H,PR:H,UI:R,S:C,C:H,I:H,A:H
CVE-2025-30853,AV:N,AC:H,PR:H,UI:R,S:C,C:H,I:H,A:H
CVE-2025-30854,AV:N,AC:H,PR:H,UI:R,S:C,C:H,I:H,A:H
CVE-2025-30855,AV:N,AC:H,PR:H,UI:R,S:C,C:H,I:H,A:H
CVE-2025-30856,AV:N,AC:L,PR:H,UI:R,S:C,C:H,I:H,A:H
CVE-2025-30857,AV:N,AC:H ,PR:H,UI:R,S:C,C:H,I:H,A:H
CVE-2025-30858,AV:N,AC:H,PR:H,UI:R,S:C,C:H,I:H,A:H
CVE-2025-30859,AV:N,AC:H,PR:H,UI:R,S:C,C:H,I:H,A:H
CVE-2025-30860,AV:N,AC:H,PR:H,UI:R,S:C,C:H,I:H,A:H
CVE-2025-30861,AV:N,AC:H,PR:H,UI:R,S:C,C:H,I:H,A:H
CVE-2025-30862,AV:N,AC:H,PR:H,UI:R,S:C,C:H,I:H,A:H
CVE-2025-30863,AV:N,AC:H,PR:H,UI:R,S:C,C:H,I:H,A:H
CVE-2025-30864,AV:N,AC:H,PR:H,UI:R,S:C,C:H,I:H,A:H
CVE-2025-30865,AV:N,AC:H,PR:H,UI:R,S:U,C:H,I:H,A:H
CVE-2025-30866,AV:N,AC:H,PR:H,UI:R,S:C,C:H,I:H,A:H
CVE-2025-30867,AV:N,AC:H,PR:H,UI:R,S:C,C:H,I:H,A:H
CVE-2025-30868,AV:L,AC:H,PR:H,UI:R,S:C,C:H,I:H,A:H
CVE-2025-30869,AV:N,AC:H,PR:H,UI:R,S:C,C:H,I:H,A:H
CVE-2025-30870,AV:L,AC:H,PR:H,UI:R,S:C,C:H,I:H,A:H
CVE-2025-30871,AV:L,AC:H,PR:H,UI:R,S:C,C:H,I:H,A:H
CVE-2025-30872,AV:N,AC:H,PR:H,UI:R,S:C,C:H,I:L,A:H
CVE-2025-30873,AV:N,AC:H,PR:H,UI:R,S:C,C:H,I:H,A:H
CVE-2025-30874,AV:N,AC:H,PR:H,UI:R,S:C,C:H,I:H,A:H
CVE-2025-30876,AV:N,AC:H,PR:H,UI:R,S:C,C:H,I:H,A:H
CVE-2025-30877,AV:N,AC:H,PR:H,UI:R,S:C,C:H,I:H,A:H
CVE-2025-30878,AV:N,AC:H,PR:H,UI:R,S:C,C:H,I:H,A:H
CVE-2025-30879,AV:N,AC:H,PR:H,UI:R,S:C,C:H,I:H,A:H
CVE-2025-30880,AV:N,AC:H,PR:H,UI:R,S:C,C:H,I:H,A:H
CVE-2025-30881,AV:N,AC:H,PR:H,UI:R,S:C,C:H,I:H,A:H
CVE-2025-30882,AV:N,AC:H,PR:H,UI:R,S:C,C:H,I:H,A:H
CVE-2025-30883,AV:N,AC:H,PR:H,UI:R,S:C,C:H,I:H,A:H
CVE-2025-30884,AV:N,AC:H,PR:H,UI:R,S:C,C:H,I:H,A:H
CVE-2025-30885,AV:N,AC:L,PR:H,UI:R,S:C,C:H,I:H,A:H
CVE-2025-30886,AV:N,AC:H,PR:H,UI:R,S:C,C:H,I:H,A:H
CVE-2025-30887,AV:N,AC:H,PR:H,UI:R,S:C,C:H,I:H,A:H
CVE-2025-30888,AV:N,AC:H,PR:H,UI:R,S:U,C:H,I:H,A:H
CVE-2025-30889,AV:N,AC:H,PR:H,UI:R,S:C,C:H,I:H,A:H
CVE-2025-30890,AV:L,AC:H,PR:H,UI:R,S:C,C:H,I:H,A:H
CVE-2025-30891,AV:L,AC:H,PR:H,UI:R,S:C,C:H,I:H,A:H
CVE-2025-30892,AV:N,AC:H,PR:H,UI:R,S:C,C:H,I:H,A:H
CVE-2025-30893,AV:N,AC:H,PR:H,UI:R,S:U,C:H,I:H,A:H
CVE-2025-30894,AV:N,AC:H,PR:H,UI:R,S:C,C:H,I:H,A:H
CVE-2025-30895,AV:L,AC:H,PR:H,UI:R,S:C,C:H,I:H,A:H
CVE-2025-30896,AV:N,AC:H,PR:H,UI:R,S:C,C:H,I:H,A:H
CVE-2025-30897,AV:N,AC:H,PR:H,UI:R,S:C,C:H,I:H,A:H
CVE-2025-30898,AV:N,AC:H,PR:H,UI:R,S:C,C:H,I:H,A:H
CVE-2025-30899,AV:N,AC:H,PR:H,UI:R,S:C,C:H,I:H,A:H
CVE-2025-30900,AV:N,AC:H,PR:H,UI:R,S:C,C:H,I:H,A:H
CVE-2025-30901,AV:L,AC:H,PR:H,UI:R,S:C,C:H,I:H,A:H
CVE-2025-30902,AV:N,AC:H,PR:H,UI:R,S:C,C:H,I:H,A:H
CVE-2025-30903,AV:N,AC:H,PR:H,UI:R,S:C,C:H,I:H,A:H
CVE-2025-30904,AV:N,AC:H,PR:H,UI:R,S:C,C:H,I:H,A:H
CVE-2025-30905,AV:N,AC:H,PR:H,UI:R,S:C,C:H,I:H,A:H
CVE-2025-30906,AV:N,AC:H,PR:H,UI:R,S:C,C:H,I:H,A:H
CVE-2025-30907,AV:N,AC:H,PR:H,UI:R,S:C,C:H,I:H,A:H
CVE-2025-30908,AV:N,AC:H,PR:H,UI:R,S:C,C:H,I:H,A:H
CVE-2025-30909,AV:N,AC:H,PR:H,UI:R,S:C,C:H,I:H,A:H
CVE-2025-30910,AV:N,AC:H,PR:H,UI:R,S:C,C:H,I:H,A:H
CVE-2025-30911,AV:N,AC:H,PR:H,UI:R,S:C,C:H,I:H,A:H
CVE-2025-30912,AV:N,AC:H,PR:H,UI:R,S:U,C:H,I:H,A:H
CVE-2025-30913,AV:N,AC:H,PR:H,UI:R,S:C,C:H,I:H,A:H
CVE-2025-30914,AV:N,AC:H,PR:H,UI:R,S:C,C:H,I:H,A:H
CVE-2025-30915,AV:N,AC:H,PR:H,UI:R,S:C,C:H,I:H,A:H
CVE-2025-30916,AV:N,AC:H,PR:H,UI:R,S:C,C:H,I:H,A:H
CVE-2025-30917,AV:N,AC:H,PR:H,UI:R,S:C,C:H,I:H,A:H
CVE-2025-30918,AV:N,AC:H,PR:H,UI:R,S:C,C:H,I:H,A:H
CVE-2025-30919,AV:N,AC:H,PR:H,UI:N,S:C,C:H,I:H,A:H
CVE-2025-30920,AV:N,AC:H,PR:H,UI:R,S:C,C:H,I:H,A:H
CVE-2025-30921,AV:N,AC:H,PR:H,UI:R,S:C,C:H,I:H,A:H
CVE-2025-30922,AV:N,AC:H,PR:H,UI:R,S:C,C:H,I:H,A:H
CVE-2025-30923,AV:N,AC:H,PR:H,UI:R,S:C,C:H,I:H,A:H
CVE-2025-30924,AV:N,AC:H,PR:H,UI:R,S:C,C:H,I:H,A:H
CVE-2025-30925,AV:N,AC:H,PR:H,UI:R,S:C,C:H,I:H,A:H
CVE-2025-30926,AV:N,AC:H,PR:H,UI:R,S:C,C:H,I:H,A:H
CVE-2025-30961,AV:N,AC:H,PR:H,UI:R,S:C,C:H,I:H,A:H
CVE-2025-30963,AV:N,AC:H,PR:H,UI:R,S:C,C:H,I:H,A:H
CVE-2025-3097,AV:N,AC:H,PR:H,UI:R,S:C,C:H,I:H,A:H
CVE-2025-30971,AV:N,AC:H,PR:H,UI:R,S:C,C:H,I:H,A:H
CVE-2025-3098,AV:N,AC:H,PR:H,UI:R,S:C,C:H,I:H,A:H
CVE-2025-30987,AV:N,AC:H,PR:H,UI:R,S:C,C:H,I:H,A:H
CVE-2025-3099,AV:N,AC:H,PR:H,UI:R,S:C,C:H,I:H,A:H
CVE-2025-31001,AV:N,AC:H,PR:H,UI:R,S:C,C:H,I:H,A:H
CVE-2025-31010,AV:N,AC:H,PR:H,UI:R,S:C,C:H,I:H,A:H
CVE-2025-31016,AV:L,AC:H,PR:H,UI:R,S:C,C:H,I:H,A:H
CVE-2025-31024,AV:N,AC:H,PR:H,UI:R,S:C,C:H,I:H,A:H
CVE-2025-31031,AV:N,AC:H,PR:H,UI:R,S:C,C:H,I:H,A:H
CVE-2025-31043,AV:N,AC:H,PR:H,UI:R,S:C,C:H,I:H,A:H
CVE-2025-3105,AV:L,AC:H,PR:H,UI:R,S:C,C:H,I:H,A:H
CVE-2025-31073,AV:N,AC:H,PR:H,UI:R,S:C,C:H,I:H,A:H
CVE-2025-31074,AV:N,AC:H,PR:H,UI:R,S:C,C:H,I:H,A:H
CVE-2025-31075,AV:N,AC:H,PR:H,UI:R,S:C,C:H,I:H,A:H
CVE-2025-31076,AV:N,AC:H,PR:H,UI:R,S:C,C:H,I:H,A:H
CVE-2025-31077,AV:N,AC:H,PR:H,UI:R,S:C,C:H,I:H,A:H
CVE-2025-31078,AV:N,AC:H,PR:H,UI:R,S:C,C:H,I:H,A:H
CVE-2025-31079,AV:N,AC:H,PR:H,UI:R,S:C,C:H,I:H,A:H
CVE-2025-31080,AV:N,AC:H,PR:H,UI:R,S:C,C:H,I:H,A:H
CVE-2025-31081,AV:N,AC:H,PR:H,UI:R,S:C,C:H,I:H,A:H
CVE-2025-31082,AV:L,AC:H,PR:H,UI:R,S:C,C:H,I:H,A:H
CVE-2025-31083,AV:N,AC:H,PR:H,UI:R,S:C,C:H,I:H,A:H
CVE-2025-31084,AV:N,AC:H,PR:H,UI:R,S:C,C:H,I:H,A:H
CVE-2025-31085,AV:N,AC:H,PR:H,UI:R,S:C,C:H,I:H,A:H
CVE-2025-31086,AV:N,AC:H,PR:H,UI:R,S:C,C:H,I:H,A:H
CVE-2025-31087,AV:N,AC:H,PR:H,UI:R,S:C,C:H,I:H,A:H
CVE-2025-31088,AV:N,AC:H,PR:H,UI:R,S:C,C:H,I:H,A:H
CVE-2025-31089,AV:N,AC:H,PR:H,UI:R,S:C,C:H,I:H,A:H
CVE-2025-31090,AV:N,AC:H,PR:H,UI:R,S:C,C:H,I:H,A:H
CVE-2025-31091,AV:N,AC:H,PR:H,UI:R,S:C,C:H,I:H,A:H
CVE-2025-31092,AV:N,AC:H,PR:H,UI:R,S:C,C:H,I:H,A:H
CVE-2025-31093,AV:N,AC:H,PR:H,UI:R,S:C,C:H,I:H,A:H
CVE-2025-31094,AV:N,AC:H,PR:H,UI:R,S:C,C:H,I:H,A:H
CVE-2025-31095,AV:N,AC:H,PR:H,UI:R,S:C,C:H,I:H,A:H
CVE-2025-31096,AV:N,AC:H,PR:H,UI:R,S:C,C:H,I:H,A:H
CVE-2025-31097,AV:L,AC:H,PR:H,UI:R,S:C,C:H,I:H,A:H
CVE-2025-31098,AV:L,AC:H,PR:H,UI:R,S:C,C:H,I:H,A:H
CVE-2025-31099,AV:N,AC:H,PR:H,UI:R,S:C,C:H,I:H,A:H
CVE-2025-31101,AV:N,AC:H,PR:H,UI:R,S:C,C:H,I:H,A:H
CVE-2025-31102,AV:N,AC:H,PR:H,UI:R,S:C,C:H,I:H,A:H
CVE-2025-31116,AV:N,AC:H,PR:H,UI:R,S:C,C:H,I:H,A:H
CVE-2025-31119,AV:N,AC:H,PR:H,UI:R,S:C,C:H,I:H,A:H
CVE-2025-31123,AV:N,AC:H,PR:H,UI:R,S:C,C:H,I:H,A:H
CVE-2025-31124,AV:N,AC:H,PR:H,UI:R,S:C,C:H,I:H,A:H
CVE-2025-31125,AV:N,AC:L,PR:L,UI:R,S:C,C:H,I:L,A:H
CVE-2025-31126,AV:N,AC:H,PR:H,UI:R,S:C,C:H,I:H,A:H
CVE-2025-31127,AV:N,AC:H,PR:H,UI:R,S:C,C:H,I:H,A:H
CVE-2025-31129,AV:N,AC:H,PR:H,UI:R,S:C,C:H,I:H,A:H
CVE-2025-31130,AV:N,AC:H,PR:H,UI:R,S:C,C:H,I:H,A:H
CVE-2025-31131,AV:N,AC:H,PR:H,UI:R,S:C,C:H,I:H,A:H
CVE-2025-31132,AV:N,AC:H,PR:H,UI:R,S:C,C:H,I:H,A:H
CVE-2025-31135,AV:N,AC:H,PR:H,UI:R,S:C,C:H,I:H,A:H
CVE-2025-31139,AV:N,AC:H,PR:H,UI:R,S:C,C:H,I:H,A:H
CVE-2025-31140,AV:N,AC:H,PR:H,UI:R,S:C,C:H,I:H,A:H
CVE-2025-31141,AV:N,AC:H,PR:H,UI:R,S:C,C:H,I:H,A:H
CVE-2025-31160,AV:L,AC:H,PR:H,UI:R,S:C,C:H,I:H,A:H
CVE-2025-31161,AV:N,AC:H,PR:H,UI:R,S:C,C:H,I:H,A:H
CVE-2025-31162,AV:L,AC:H,PR:H,UI:R,S:C,C:H,I:H,A:H
CVE-2025-31163,AV:L,AC:H,PR:H,UI:R,S:C,C:H,I:H,A:H
CVE-2025-31164,AV:L,AC:H,PR:H,UI:R,S:C,C:H,I:H,A:H
CVE-2025-31176,AV:N,AC:L,PR:H,UI:N,S:C,C:H,I:H,A:H
CVE-2025-31178,AV:N,AC:H,PR:H,UI:N,S:C,C:H,I:H,A:H
CVE-2025-31179,AV:N,AC:H,PR:H,UI:N,S:C,C:H,I:H,A:H
CVE-2025-31180,AV:N,AC:H,PR:H,UI:N,S:C,C:H,I:H,A:H
CVE-2025-31181,AV:N,AC:L,PR:H,UI:N,S:C,C:H,I:H,A:H
CVE-2025-31282,AV:N,AC:H,PR:H,UI:R,S:U,C:H,I:H,A:H
CVE-2025-31283,AV:N,AC:H,PR:H,UI:R,S:U,C:H,I:H,A:H
CVE-2025-31284,AV:N,AC:H,PR:H,UI:R,S:U,C:H,I:H,A:H
CVE-2025-31285,AV:N,AC:H,PR:H,UI:R,S:U,C:H,I:H,A:H
CVE-2025-31286,AV:N,AC:H,PR:H,UI:N,S:U,C:H,I:H,A:H
CVE-2025-31335,AV:N,AC:H,PR:H,UI:R,S:C,C:H,I:H,A:H
CVE-2025-31376,AV:N,AC:H,PR:H,UI:R,S:C,C:H,I:H,A:H
CVE-2025-31381,AV:N,AC:H,PR:H,UI:R,S:C,C:H,I:H,A:H
CVE-2025-31384,AV:N,AC:H,PR:H,UI:R,S:C,C:H,I:H,A:H
CVE-2025-31386,AV:N,AC:H,PR:H,UI:R,S:C,C:H,I:H,A:H
CVE-2025-31387,AV:L,AC:H,PR:H,UI:R,S:C,C:H,I:H,A:H
CVE-2025-31389,AV:N,AC:H,PR:H,UI:R,S:C,C:H,I:H,A:H
CVE-2025-31403,AV:N,AC:H,PR:H,UI:R,S:C,C:H,I:H,A:H
CVE-2025-31405,AV:L,AC:H,PR:H,UI:R,S:C,C:H,I:H,A:H
CVE-2025-31406,AV:N,AC:H,PR:H,UI:R,S:C,C:H,I:H,A:H
CVE-2025-31407,AV:N,AC:H,PR:H,UI:R,S:C,C:H,I:H,A:H
CVE-2025-31408,AV:N,AC:H,PR:H,UI:R,S:C,C:H,I:H,A:H
CVE-2025-31409,AV:N,AC:H,PR:H,UI:R,S:C,C:H,I:H,A:H
CVE-2025-31410,AV:N,AC:H,PR:H,UI:R,S:C,C:H,I:H,A:H
CVE-2025-31412,AV:N,AC:H,PR:H,UI:R,S:C,C:H,I:H,A:H
CVE-2025-31414,AV:N,AC:H,PR:H,UI:R,S:C,C:H,I:H,A:H
CVE-2025-31415,AV:N,AC:H,PR:H,UI:R,S:C,C:H,I:H,A:H
CVE-2025-31416,AV:N,AC:H,PR:H,UI:R,S:C,C:H,I:H,A:H
CVE-2025-31417,AV:N,AC:H,PR:H,UI:R,S:C,C:H,I:H,A:H
CVE-2025-31418,AV:N,AC:H,PR:H,UI:R,S:C,C:H,I:H,A:H
CVE-2025-31419,AV:N,AC:H,PR:H,UI:R,S:U,C:H,I:H,A:H
CVE-2025-31420,AV:N,AC:H,PR:H,UI:R,S:C,C:H,I:H,A:H
CVE-2025-31421,AV:N,AC:H,PR:H,UI:R,S:C,C:H,I:H,A:H
CVE-2025-31431,AV:N,AC:H,PR:H,UI:R,S:U,C:H,I:H,A:H
CVE-2025-31432,AV:L,AC:H,PR:H,UI:R,S:C,C:H,I:H,A:H
CVE-2025-31433,AV:N,AC:H,PR:H,UI:R,S:C,C:H,I:H,A:H
CVE-2025-31434,AV:N,AC:H,PR:H,UI:R,S:U,C:H,I:H,A:H
CVE-2025-31435,AV:N,AC:H,PR:H,UI:R,S:C,C:H,I:H,A:H
CVE-2025-31436,AV:N,AC:H,PR:H,UI:R,S:C,C:H,I:H,A:H
CVE-2025-31437,AV:N,AC:H,PR:H,UI:R,S:C,C:H,I:H,A:H
CVE-2025-31438,AV:N,AC:H,PR:H,UI:R,S:C,C:H,I:H,A:H
CVE-2025-31439,AV:N,AC:H,PR:H,UI:R,S:C,C:H,I:H,A:H
CVE-2025-31440,AV:N,AC:H,PR:H,UI:R,S:C,C:H,I:H,A:H
CVE-2025-31441,AV:N,AC:H,PR:H,UI:R,S:C,C:H,I:H,A:H
CVE-2025-31442,AV:N,AC:H,PR:H,UI:R,S:C,C:H,I:H,A:H
CVE-2025-31443,AV:N,AC:H,PR:H,UI:R,S:C,C:H,I:H,A:H
CVE-2025-31444,AV:N,AC:H,PR:H,UI:R,S:C,C:H,I:H,A:H
CVE-2025-31445,AV:N,AC:H,PR:H,UI:R,S:C,C:H,I:H,A:H
CVE-2025-31446,AV:N,AC:H,PR:H,UI:R,S:C,C:H,I:H,A:H
CVE-2025-31447,AV:N,AC:H,PR:H,UI:R,S:C,C:H,I:L,A:H
CVE-2025-31448,AV:N,AC:H,PR:H,UI:R,S:C,C:H,I:H,A:H
CVE-2025-31449,AV:N,AC:H,PR:H,UI:R,S:C,C:H,I:H,A:H
CVE-2025-31450,AV:N,AC:H,PR:H,UI:R,S:C,C:H,I:H,A:H
CVE-2025-31451,AV:N,AC:H,PR:H,UI:R,S:C,C:H,I:H,A:H
CVE-2025-31452,AV:N,AC:H,PR:H,UI:R,S:C,C:H,I:H,A:H
CVE-2025-31453,AV:N,AC:H,PR:H,UI:R,S:C,C:H,I:H,A:H
CVE-2025-31454,AV:N,AC:H,PR:H,UI:R,S:C,C:H,I:H,A:H
CVE-2025-31455,AV:N,AC:H,PR:H,UI:R,S:C,C:H,I:H,A:H
CVE-2025-31456,AV:N,AC:H,PR:H,UI:R,S:C,C:H,I:H,A:H
CVE-2025-31457,AV:N,AC:H,PR:H,UI:R,S:C,C:H,I:H,A:H
CVE-2025-31458,AV:N,AC:H,PR:H,UI:R,S:C,C:H,I:H,A:H
CVE-2025-31459,AV:N,AC:H,PR:H,UI:R,S:C,C:H,I:H,A:H
CVE-2025-31460,AV:N,AC:H,PR:H,UI:R,S:C,C:H,I:H,A:H
CVE-2025-31461,AV:N,AC:H,PR:H,UI:R,S:C,C:H,I:H,A:H
CVE-2025-31462,AV:N,AC:H,PR:H,UI:R,S:C,C:H,I:H,A:H
CVE-2025-31463,AV:N,AC:H,PR:H,UI:R,S:C,C:H,I:H,A:H
CVE-2025-31464,AV:N,AC:H,PR:H,UI:R,S:C,C:H,I:H,A:H
CVE-2025-31465,AV:N,AC:H,PR:H,UI:R,S:C,C:H,I:H,A:H
CVE-2025-31466,AV:N,AC:H,PR:H,UI:R,S:C,C:H,I:H,A:H
CVE-2025-31467,AV:N,AC:H,PR:H,UI:R,S:C,C:H,I:H,A:H
CVE-2025-31468,AV:N,AC:H,PR:H,UI:R,S:C,C:H,I:H,A:H
CVE-2025-31469,AV:N,AC:H,PR:H,UI:R,S:C,C:H,I:H,A:H
CVE-2025-31470,AV:N,AC:H,PR:H,UI:R,S:C,C:H,I:H,A:H
CVE-2025-31471,AV:N,AC:H,PR:H,UI:R,S:C,C:H,I:H,A:H
CVE-2025-31472,AV:N,AC:H,PR:H,UI:R,S:C,C:H,I:H,A:H
CVE-2025-31473,AV:N,AC:H,PR:H,UI:R,S:C,C:H,I:H,A:H
CVE-2025-31474,AV:N,AC:H,PR:H,UI:R,S:U,C:H,I:H,A:H
CVE-2025-31479,AV:N,AC:H,PR:H,UI:R,S:C,C:H,I:H,A:H
CVE-2025-31480,AV:L,AC:H,PR:H,UI:R,S:C,C:H,I:H,A:H
CVE-2025-31481,AV:N,AC:H,PR:H,UI:R,S:C,C:H,I:H,A:H
CVE-2025-31485,AV:N,AC:H,PR:H,UI:R,S:C,C:H,I:H,A:H
CVE-2025-31486,AV:N,AC:H,PR:H,UI:R,S:C,C:H,I:H,A:H
CVE-2025-31487,AV:N,AC:H,PR:H,UI:R,S:C,C:H,I:H,A:H
CVE-2025-31525,AV:N,AC:H,PR:H,UI:R,S:C,C:H,I:H,A:H
CVE-2025-31526,AV:N,AC:H,PR:H,UI:R,S:C,C:H,I:H,A:H
CVE-2025-31527,AV:N,AC:H,PR:H,UI:R,S:C,C:H,I:H,A:H
CVE-2025-31528,AV:N,AC:H,PR:H,UI:R,S:C,C:H,I:H,A:H
CVE-2025-31529,AV:N,AC:H,PR:H,UI:R,S:C,C:H,I:H,A:H
CVE-2025-31530,AV:N,AC:H,PR:H,UI:R,S:C,C:H,I:H,A:H
CVE-2025-31531,AV:N,AC:H,PR:H,UI:R,S:C,C:H,I:H,A:H
CVE-2025-31532,AV:N,AC:H,PR:H,UI:R,S:C,C:H,I:H,A:H
CVE-2025-31533,AV:N,AC:H,PR:H,UI:R,S:C,C:H,I:H,A:H
CVE-2025-31534,AV:N,AC:H,PR:H,UI:R,S:C,C:H,I:H,A:H
CVE-2025-31535,AV:N,AC:H,PR:H,UI:R,S:U,C:H,I:H,A:H
CVE-2025-31536,AV:N,AC:H,PR:H,UI:R,S:C,C:H,I:H,A:H
CVE-2025-31537,AV:N,AC:H,PR:H,UI:R,S:C,C:H,I:H,A:H
CVE-2025-31538,AV:N,AC:H,PR:H,UI:R,S:C,C:H,I:H,A:H
CVE-2025-31539,AV:N,AC:H,PR:H,UI:R,S:C,C:H,I:H,A:H
CVE-2025-31540,AV:N,AC:H,PR:H,UI:R,S:C,C:H,I:H,A:H
CVE-2025-31541,AV:N,AC:H,PR:H,UI:R,S:C,C:H,I:H,A:H
CVE-2025-31542,AV:N,AC:H,PR:H,UI:R,S:C,C:H,I:H,A:H
CVE-2025-31543,AV:N,AC:H,PR:H,UI:R,S:C,C:H,I:H,A:H
CVE-2025-31544,AV:N,AC:H,PR:H,UI:R,S:C,C:H,I:H,A:H
CVE-2025-31545,AV:N,AC:H,PR:H,UI:R,S:C,C:H,I:H,A:H
CVE-2025-31546,AV:N,AC:H,PR:H,UI:R,S:C,C:H,I:H,A:H
CVE-2025-31547,AV:N,AC:H,PR:H,UI:R,S:C,C:H,I:H,A:H
CVE-2025-31548,AV:N,AC:H,PR:H,UI:R,S:U,C:H,I:L,A:H
CVE-2025-31549,AV:N,AC:L,PR:H,UI:R,S:C,C:H,I:H,A:H
CVE-2025-3155,AV:N,AC:H,PR:H,UI:R,S:C,C:H,I:H,A:H
CVE-2025-31550,AV:N,AC:H,PR:H,UI:R,S:C,C:H,I:H,A:H
CVE-2025-31551,AV:N,AC:H,PR:H,UI:R,S:C,C:H,I:H,A:H
CVE-2025-31552,AV:N,AC:H,PR:H,UI:R,S:C,C:H,I:H,A:H
CVE-2025-31553,AV:N,AC:H,PR:H,UI:R,S:C,C:H,I:H,A:H
CVE-2025-31554,AV:N,AC:H,PR:H,UI:R,S:C,C:H,I:H,A:H
CVE-2025-31555,AV:N,AC:H,PR:H,UI:R,S:C,C:H,I:H,A:H
CVE-2025-31556,AV:N,AC:H,PR:H,UI:R,S:C,C:H,I:H,A:H
CVE-2025-31557,AV:N,AC:H,PR:H,UI:R,S:C,C:H,I:H,A:H
CVE-2025-31558,AV:N,AC:H,PR:H,UI:R,S:C,C:H,I:H,A:H
CVE-2025-31559,AV:N,AC:H,PR:H,UI:R,S:C,C:H,I:H,A:H
CVE-2025-31560,AV:N,AC:H,PR:H,UI:R,S:C,C:H,I:H,A:H
CVE-2025-31561,AV:N,AC:H,PR:H,UI:R,S:C,C:H,I:H,A:H
CVE-2025-31562,AV:N,AC:H,PR:H,UI:R,S:C,C:H,I:H,A:H
CVE-2025-31563,AV:N,AC:H,PR:H,UI:R,S:C,C:H,I:H,A:H
CVE-2025-31564,AV:N,AC:H,PR:H,UI:R,S:C,C:H,I:H,A:H
CVE-2025-31566,AV:N,AC:H,PR:H,UI:R,S:C,C:H,I:H,A:H
CVE-2025-31567,AV:N,AC:H,PR:H,UI:R,S:C,C:H,I:H,A:H
CVE-2025-31568,AV:N,AC:H,PR:H,UI:R,S:C,C:H,I:H,A:H
CVE-2025-31569,AV:N,AC:H,PR:H,UI:R,S:C,C:H,I:H,A:H
CVE-2025-31570,AV:N,AC:H,PR:H,UI:R,S:C,C:H,I:H,A:H
CVE-2025-31571,AV:N,AC:H,PR:H,UI:R,S:C,C:H,I:H,A:H
CVE-2025-31572,AV:N,AC:L,PR:H,UI:R,S:C,C:H,I:H,A:H
CVE-2025-31573,AV:N,AC:H,PR:H,UI:R,S:C,C:H,I:H,A:H
CVE-2025-31574,AV:N,AC:H,PR:H,UI:R,S:C,C:H,I:H,A:H
CVE-2025-31575,AV:N,AC:H,PR:H,UI:R,S:C,C:H,I:H,A:H
CVE-2025-31576,AV:N,AC:H,PR:H,UI:R,S:C,C:H,I:H,A:H
CVE-2025-31577,AV:N,AC:H,PR:H,UI:R,S:C,C:H,I:H,A:H
CVE-2025-31578,AV:N,AC:H,PR:H,UI:R,S:C,C:H,I:H,A:H
CVE-2025-31579,AV:N,AC:H,PR:H,UI:R,S:U,C:H,I:H,A:H
CVE-2025-31580,AV:N,AC:H,PR:H,UI:R,S:C,C:H,I:H,A:H
CVE-2025-31581,AV:N,AC:H,PR:H,UI:R,S:C,C:H,I:H,A:H
CVE-2025-31582,AV:N,AC:H,PR:H,UI:R,S:C,C:H,I:H,A:H
CVE-2025-31583,AV:N,AC:H,PR:H,UI:R,S:C,C:H,I:H,A:H
CVE-2025-31584,AV:N,AC:H,PR:H,UI:R,S:C,C:H,I:H,A:H
CVE-2025-31585,AV:N,AC:H,PR:L,UI:R,S:U,C:H,I:H,A:H
CVE-2025-31586,AV:N,AC:H,PR:H,UI:R,S:C,C:H,I:H,A:H
CVE-2025-31587,AV:N,AC:H,PR:H,UI:R,S:C,C:H,I:H,A:H
CVE-2025-31588,AV:N,AC:H,PR:H,UI:R,S:C,C:H,I:H,A:H
CVE-2025-31589,AV:N,AC:H,PR:H,UI:R,S:C,C:H,I:H,A:H
CVE-2025-31590,AV:N,AC:H,PR:H,UI:R,S:C,C:H,I:H,A:H
CVE-2025-31591,AV:N,AC:H,PR:H,UI:R,S:C,C:H,I:H,A:H
CVE-2025-31592,AV:N,AC:H,PR:H,UI:R,S:C,C:H,I:H,A:H
CVE-2025-31593,AV:N,AC:H,PR:H,UI:R,S:C,C:H,I:H,A:H
CVE-2025-31594,AV:N,AC:H,PR:H,UI:R,S:C,C:H,I:H,A:H
CVE-2025-31595,AV:N,AC:H,PR:H,UI:R,S:C,C:H,I:H,A:H
CVE-2025-31596,AV:N,AC:H,PR:H,UI:R,S:C,C:H,I:H,A:H
CVE-2025-31597,AV:N,AC:H,PR:H,UI:R,S:C,C:H,I:H,A:H
CVE-2025-31598,AV:N,AC:H,PR:H,UI:R,S:C,C:H,I:H,A:H
CVE-2025-31600,AV:N,AC:H,PR:H,UI:R,S:C,C:H,I:H,A:H
CVE-2025-31601,AV:N,AC:H,PR:H,UI:R,S:C,C:H,I:H,A:H
CVE-2025-31602,AV:N,AC:H,PR:H,UI:R,S:C,C:H,I:H,A:H
CVE-2025-31603,AV:N,AC:H,PR:H,UI:R,S:C,C:H,I:H,A:H
CVE-2025-31604,AV:N,AC:H,PR:H,UI:R,S:C,C:H,I:H,A:H
CVE-2025-31605,AV:N,AC:H,PR:H,UI:R,S:C,C:H,I:H,A:H
CVE-2025-31606,AV:N,AC:H,PR:H,UI:R,S:C,C:H,I:H,A:H
CVE-2025-31607,AV:N,AC:H,PR:H,UI:R,S:C,C:H,I:H,A:H
CVE-2025-31608,AV:N,AC:H,PR:H,UI:R,S:C,C:H,I:H,A:H
CVE-2025-31609,AV:N,AC:H,PR:H,UI:R,S:C,C:H,I:H,A:H
CVE-2025-31610,AV:N,AC:H,PR:H,UI:R,S:C,C:H,I:H,A:H
CVE-2025-31611,AV:N,AC:H,PR:H,UI:R,S:C,C:H,I:H,A:H
CVE-2025-31612,AV:N,AC:L,PR:H,UI:R,S:C,C:H,I:H,A:H
CVE-2025-31613,AV:N,AC:H,PR:H,UI:R,S:C,C:H,I:H,A:H
CVE-2025-31614,AV:N,AC:H,PR:H,UI:R,S:C,C:H,I:H,A:H
CVE-2025-31615,AV:N,AC:H,PR:H,UI:R,S:C,C:H,I:H,A:H
CVE-2025-31616,AV:N,AC:H,PR:H,UI:R,S:C,C:H,I:H,A:H
CVE-2025-31617,AV:N,AC:H,PR:H,UI:R,S:C,C:H,I:H,A:H
CVE-2025-31618,AV:N,AC:H,PR:H,UI:R,S:C,C:H,I:H,A:H
CVE-2025-31619,AV:N,AC:H,PR:H,UI:R,S:C,C:H,I:H,A:H
CVE-2025-31620,AV:N,AC:H,PR:H,UI:R,S:C,C:H,I:H,A:H
CVE-2025-31621,AV:N,AC:H,PR:H,UI:R,S:C,C:H,I:H,A:H
CVE-2025-31622,AV:N,AC:H,PR:H,UI:R,S:C,C:H,I:H,A:H
CVE-2025-31623,AV:N,AC:H,PR:H,UI:R,S:C,C:H,I:H,A:H
CVE-2025-31624,AV:N,AC:H,PR:H,UI:R,S:C,C:H,I:H,A:H
CVE-2025-31625,AV:N,AC:H,PR:H,UI:R,S:C,C:H,I:H,A:H
CVE-2025-31626,AV:N,AC:L,PR:H,UI:R,S:C,C:H,I:H,A:H
CVE-2025-31627,AV:N,AC:H,PR:H,UI:R,S:C,C:H,I:H,A:H
CVE-2025-31628,AV:N,AC:H,PR:H,UI:R,S:C,C:H,I:H,A:H
CVE-2025-31629,AV:N,AC:H,PR:H,UI:R,S:C,C:H,I:H,A:H
CVE-2025-31729,AV:N,AC:H,PR:H,UI:R,S:C,C:H,I:H,A:H
CVE-2025-31730,AV:N,AC:H,PR:H,UI:R,S:C,C:H,I:H,A:H
CVE-2025-31731,AV:N,AC:H,PR:H,UI:R,S:C,C:H,I:H,A:H
CVE-2025-31732,AV:N,AC:H,PR:H,UI:R,S:C,C:H,I:H,A:H
CVE-2025-31733,AV:N,AC:H,PR:H,UI:R,S:C,C:H,I:H,A:H
CVE-2025-31734,AV:N,AC:H,PR:H,UI:R,S:C,C:H,I:H,A:H
CVE-2025-31735,AV:N,AC:H,PR:H,UI:R,S:C,C:H,I:H,A:H
CVE-2025-31736,AV:N,AC:H,PR:H,UI:R,S:C,C:H,I:H,A:H
CVE-2025-31737,AV:N,AC:H,PR:H,UI:R,S:C,C:H,I:H,A:H
CVE-2025-31738,AV:N,AC:H,PR:H,UI:R,S:C,C:H,I:H,A:H
CVE-2025-31739,AV:N,AC:H,PR:H,UI:R,S:C,C:H,I:H,A:H
CVE-2025-31740,AV:N,AC:H,PR:H,UI:R,S:C,C:H,I:H,A:H
CVE-2025-31741,AV:N,AC:H,PR:H,UI:R,S:C,C:H,I:H,A:H
CVE-2025-31742,AV:N,AC:H,PR:H,UI:R,S:C,C:H,I:H,A:H
CVE-2025-31743,AV:N,AC:H,PR:H,UI:R,S:C,C:H,I:H,A:H
CVE-2025-31744,AV:N,AC:H,PR:H,UI:R,S:C,C:H,I:H,A:H
CVE-2025-31745,AV:N,AC:H,PR:H,UI:R,S:C,C:H,I:H,A:H
CVE-2025-31746,AV:N,AC:H,PR:H,UI:R,S:C,C:H,I:H,A:H
CVE-2025-31747,AV:N,AC:H,PR:H,UI:R,S:C,C:H,I:H,A:H
CVE-2025-31748,AV:N,AC:H,PR:H,UI:R,S:C,C:H,I:H,A:H
CVE-2025-31749,AV:N,AC:H,PR:H,UI:R,S:C,C:H,I:H,A:H
CVE-2025-31750,AV:N,AC:H,PR:H,UI:R,S:C,C:H,I:H,A:H
CVE-2025-31751,AV:N,AC:H,PR:H,UI:R,S:C,C:H,I:H,A:L
CVE-2025-31752,AV:L,AC:H,PR:H,UI:R,S:C,C:H,I:H,A:H
CVE-2025-31753,AV:N,AC:H,PR:L,UI:R,S:C,C:H,I:H,A:H
CVE-2025-31754,AV:N,AC:H,PR:H,UI:R,S:C,C:H,I:H,A:H
CVE-2025-31755,AV:N,AC:H,PR:H,UI:R,S:C,C:H,I:H,A:H
CVE-2025-31756,AV:N,AC:H,PR:H,UI:R,S:C,C:H,I:H,A:H
CVE-2025-31757,AV:N,AC:H,PR:H,UI:R,S:C,C:H,I:H,A:H
CVE-2025-31758,AV:N,AC:H,PR:H,UI:R,S:C,C:H,I:H,A:H
CVE-2025-31759,AV:N,AC:H,PR:H,UI:R,S:C,C:H,I:H,A:H
CVE-2025-31760,AV:N,AC:H,PR:H,UI:R,S:C,C:H,I:H,A:H
CVE-2025-31761,AV:N,AC:H,PR:H,UI:R,S:C,C:H,I:H,A:H
CVE-2025-31762,AV:N,AC:H,PR:H,UI:R,S:C,C:H,I:H,A:H
CVE-2025-31763,AV:N,AC:H,PR:H,UI:R,S:C,C:H,I:H,A:H
CVE-2025-31764,AV:N,AC:H,PR:H,UI:R,S:C,C:H,I:H,A:H
CVE-2025-31765,AV:N,AC:H,PR:H,UI:R,S:C,C:H,I:H,A:H
CVE-2025-31766,AV:N,AC:H,PR:H,UI:R,S:C,C:H,I:H,A:H
CVE-2025-31767,AV:N,AC:H,PR:H,UI:R,S:C,C:H,I:H,A:H
CVE-2025-31768,AV:N,AC:H,PR:H,UI:R,S:C,C:H,I:H,A:H
CVE-2025-31769,AV:N,AC:H,PR:H,UI:R,S:C,C:H,I:H,A:H
CVE-2025-31770,AV:N,AC:H,PR:H,UI:R,S:C,C:H,I:H,A:H
CVE-2025-31771,AV:N,AC:H,PR:H,UI:R,S:C,C:H,I:H,A:H
CVE-2025-31772,AV:N,AC:H,PR:H,UI:R,S:C,C:H,I:H,A:H
CVE-2025-31773,AV:N,AC:H,PR:H,UI:R,S:C,C:H,I:H,A:H
CVE-2025-31774,AV:N,AC:H,PR:H,UI:R,S:C,C:H,I:H,A:H
CVE-2025-31775,AV:N,AC:H,PR:H,UI:R,S:C,C:H,I:H,A:H
CVE-2025-31776,AV:N,AC:H,PR:H,UI:R,S:C,C:H,I:H,A:H
CVE-2025-31777,AV:N,AC:H,PR:H,UI:R,S:C,C:H,I:H,A:H
CVE-2025-31778,AV:N,AC:H,PR:H,UI:R,S:C,C:H,I:H,A:H
CVE-2025-31779,AV:N,AC:H,PR:H,UI:R,S:C,C:H,I:H,A:H
CVE-2025-31780,AV:N,AC:H,PR:H,UI:R,S:C,C:H,I:H,A:H
CVE-2025-31781,AV:N,AC:H,PR:H,UI:R,S:C,C:H,I:H,A:H
CVE-2025-31782,AV:N,AC:H,PR:H,UI:R,S:C,C:H,I:H,A:H
CVE-2025-31783,AV:N,AC:H,PR:H,UI:R,S:C,C:H,I:H,A:H
CVE-2025-31784,AV:N,AC:H,PR:H,UI:R,S:C,C:H,I:H,A:H
CVE-2025-31785,AV:N,AC:H,PR:H,UI:R,S:U,C:H,I:H,A:H
CVE-2025-31786,AV:N,AC:H,PR:H,UI:R,S:C,C:H,I:H,A:H
CVE-2025-31787,AV:N,AC:H,PR:H,UI:R,S:C,C:H,I:H,A:H
CVE-2025-31788,AV:N,AC:H,PR:H,UI:R,S:C,C:H,I:H,A:H
CVE-2025-31789,AV:N,AC:H,PR:H,UI:R,S:C,C:H,I:H,A:H
CVE-2025-31790,AV:N,AC:H,PR:H,UI:R,S:C,C:H,I:H,A:H
CVE-2025-31791,AV:N,AC:H,PR:H,UI:R,S:C,C:H,I:H,A:H
CVE-2025-31792,AV:N,AC:H,PR:H,UI:R,S:C,C:H,I:H,A:H
CVE-2025-31793,AV:N,AC:H,PR:H,UI:R,S:C,C:H,I:H,A:H
CVE-2025-31794,AV:N,AC:H,PR:H,UI:R,S:C,C:H,I:H,A:H
CVE-2025-31795,AV:N,AC:H,PR:H,UI:R,S:C,C:H,I:H,A:H
CVE-2025-31796,AV:N,AC:H,PR:H,UI:R,S:U,C:H,I:H,A:H
CVE-2025-31797,AV:N,AC:H,PR:H,UI:R,S:C,C:H,I:H,A:H
CVE-2025-31798,AV:N,AC:H,PR:H,UI:R,S:C,C:H,I:H,A:H
CVE-2025-31799,AV:N,AC:H,PR:H,UI:R,S:C,C:H,I:H,A:H
CVE-2025-31800,AV:N,AC:H,PR:H,UI:R,S:C,C:H,I:H,A:H
CVE-2025-31801,AV:N,AC:H,PR:H,UI:R,S:C,C:H,I:H,A:H
CVE-2025-31802,AV:N,AC:H,PR:H,UI:R,S:C,C:H,I:H,A:H
CVE-2025-31803,AV:N,AC:H,PR:H,UI:R,S:C,C:H,I:H,A:H
CVE-2025-31804,AV:N,AC:H,PR:H,UI:R,S:C,C:H,I:H,A:H
CVE-2025-31805,AV:N,AC:H,PR:H,UI:R,S:C,C:H,I:H,A:H
CVE-2025-31806,AV:N,AC:H,PR:H,UI:R,S:C,C:H,I:H,A:H
CVE-2025-31807,AV:N,AC:H,PR:H,UI:R,S:C,C:H,I:H,A:H
CVE-2025-31808,AV:N,AC:H,PR:H,UI:R,S:U,C:H,I:H,A:H
CVE-2025-31809,AV:N,AC:H,PR:H,UI:R,S:C,C:H,I:H,A:H
CVE-2025-31810,AV:N,AC:H,PR:H,UI:R,S:C,C:H,I:H,A:H
CVE-2025-31811,AV:N,AC:H,PR:H,UI:R,S:C,C:H,I:H,A:H
CVE-2025-31812,AV:N,AC:H,PR:H,UI:R,S:C,C:H,I:H,A:H
CVE-2025-31813,AV:N,AC:H,PR:H,UI:R,S:C,C:H,I:H,A:H
CVE-2025-31814,AV:N,AC:H,PR:H,UI:R,S:C,C:H,I:H,A:H
CVE-2025-31815,AV:N,AC:H,PR:H,UI:R,S:C,C:H,I:H,A:H
CVE-2025-31816,AV:N,AC:H,PR:H,UI:R,S:C,C:H,I:H,A:H
CVE-2025-31817,AV:N,AC:H,PR:H,UI:R,S:C,C:H,I:H,A:H
CVE-2025-31818,AV:N,AC:H,PR:H,UI:R,S:C,C:H,I:H,A:H
CVE-2025-31819,AV:N,AC:H,PR:H,UI:R,S:C,C:H,I:H,A:H
CVE-2025-31820,AV:N,AC:H,PR:H,UI:R,S:C,C:H,I:H,A:H
CVE-2025-31821,AV:N,AC:H,PR:H,UI:R,S:C,C:H,I:H,A:H
CVE-2025-31822,AV:N,AC:H,PR:H,UI:R,S:C,C:H,I:H,A:H
CVE-2025-31823,AV:N,AC:H,PR:H,UI:R,S:C,C:H,I:H,A:H
CVE-2025-31824,AV:N,AC:H,PR:H,UI:R,S:C,C:H,I:H,A:H
CVE-2025-31825,AV:N,AC:H,PR:H,UI:R,S:C,C:H,I:H,A:H
CVE-2025-31826,AV:N,AC:H,PR:H,UI:R,S:C,C:H,I:H,A:H
CVE-2025-31827,AV:N,AC:H,PR:H,UI:R,S:C,C:H,I:H,A:H
CVE-2025-31828,AV:N,AC:H,PR:H,UI:R,S:U,C:H,I:H,A:H
CVE-2025-31829,AV:N,AC:H,PR:H,UI:R,S:C,C:H,I:H,A:H
CVE-2025-31830,AV:N,AC:H,PR:H,UI:R,S:C,C:H,I:H,A:H
CVE-2025-31831,AV:N,AC:H,PR:H,UI:R,S:C,C:H,I:H,A:H
CVE-2025-31832,AV:N,AC:H,PR:H,UI:R,S:C,C:H,I:H,A:H
CVE-2025-31833,AV:N,AC:H,PR:H,UI:R,S:C,C:H,I:H,A:H
CVE-2025-31834,AV:N,AC:H,PR:H,UI:R,S:C,C:H,I:H,A:H
CVE-2025-31835,AV:N,AC:H,PR:H,UI:R,S:C,C:H,I:H,A:H
CVE-2025-31836,AV:N,AC:H,PR:H,UI:R,S:C,C:H,I:H,A:H
CVE-2025-31837,AV:N,AC:H,PR:H,UI:R,S:C,C:H,I:H,A:H
CVE-2025-31838,AV:N,AC:H,PR:H,UI:R,S:C,C:H,I:H,A:H
CVE-2025-31839,AV:N,AC:L,PR:H,UI:R,S:C,C:H,I:H,A:H
CVE-2025-31840,AV:N,AC:H,PR:H,UI:R,S:C,C:H,I:H,A:H
CVE-2025-31841,AV:N,AC:H,PR:H,UI:R,S:C,C:H,I:H,A:H
CVE-2025-31842,AV:N,AC:H,PR:H,UI:R,S:C,C:H,I:H,A:H
CVE-2025-31843,AV:N,AC:H,PR:H,UI:R,S:C,C:H,I:H,A:H
CVE-2025-31844,AV:N,AC:H,PR:H,UI:R,S:C,C:H,I:H,A:H
CVE-2025-31845,AV:N,AC:H,PR:H,UI:R,S:C,C:H,I:H,A:H
CVE-2025-31846,AV:N,AC:H,PR:H,UI:R,S:C,C:H,I:H,A:H
CVE-2025-31847,AV:N,AC:H,PR:H,UI:R,S:C,C:H,I:H,A:H
CVE-2025-31848,AV:N,AC:H,PR:H,UI:R,S:C,C:H,I:H,A:H
CVE-2025-31849,AV:N,AC:H,PR:H,UI:R,S:C,C:H,I:H,A:H
CVE-2025-31850,AV:N,AC:H,PR:H,UI:R,S:C,C:H,I:H,A:H
CVE-2025-31851,AV:N,AC:H,PR:H,UI:R,S:C,C:H,I:H,A:H
CVE-2025-31852,AV:N,AC:H,PR:H,UI:R,S:C,C:H,I:H,A:H
CVE-2025-31853,AV:N,AC:H,PR:H,UI:R,S:C,C:H,I:H,A:H
CVE-2025-31854,AV:N,AC:H,PR:H,UI:R,S:C,C:H,I:H,A:H
CVE-2025-31855,AV:N,AC:H,PR:H,UI:R,S:C,C:H,I:H,A:H
CVE-2025-31856,AV:N,AC:H,PR:H,UI:R,S:C,C:H,I:H,A:H
CVE-2025-31857,AV:N,AC:H,PR:H,UI:R,S:C,C:H,I:H,A:H
CVE-2025-31858,AV:L,AC:H,PR:H,UI:R,S:C,C:H,I:H,A:H
CVE-2025-31859,AV:N,AC:H,PR:H,UI:R,S:C,C:H,I:L,A:H
CVE-2025-31860,AV:N,AC:H,PR:H,UI:R,S:C,C:H,I:H,A:H
CVE-2025-31861,AV:N,AC:H,PR:H,UI:R,S:C,C:H,I:H,A:H
CVE-2025-31862,AV:N,AC:H,PR:H,UI:R,S:C,C:H,I:H,A:H
CVE-2025-31863,AV:N,AC:H,PR:H,UI:R,S:C,C:H,I:H,A:H
CVE-2025-31864,AV:N,AC:H,PR:H,UI:R,S:C,C:H,I:H,A:H
CVE-2025-31865,AV:N,AC:H,PR:H,UI:R,S:C,C:H,I:H,A:H
CVE-2025-31866,AV:N,AC:H,PR:H,UI:R,S:C,C:H,I:H,A:H
CVE-2025-31867,AV:N,AC:H,PR:H,UI:R,S:C,C:H,I:H,A:H
CVE-2025-31868,AV:N,AC:H,PR:H,UI:R,S:C,C:H,I:H,A:H
CVE-2025-31869,AV:N,AC:H,PR:H,UI:R,S:C,C:H,I:H,A:H
CVE-2025-31870,AV:N,AC:H,PR:H,UI:R,S:C,C:H,I:H,A:H
CVE-2025-31871,AV:N,AC:H,PR:H,UI:R,S:C,C:H,I:H,A:H
CVE-2025-31872,AV:N,AC:H,PR:H,UI:R,S:C,C:H,I:H,A:H
CVE-2025-31873,AV:N,AC:H,PR:H,UI:R,S:C,C:H,I:H,A:H
CVE-2025-31874,AV:N,AC:H,PR:H,UI:R,S:C,C:H,I:H,A:H
CVE-2025-31875,AV:N,AC:H,PR:H,UI:R,S:C,C:H,I:H,A:H
CVE-2025-31876,AV:N,AC:H,PR:H,UI:R,S:C,C:H,I:H,A:H
CVE-2025-31877,AV:N,AC:H,PR:H,UI:R,S:C,C:H,I:H,A:H
CVE-2025-31878,AV:N,AC:H,PR:H,UI:R,S:C,C:H,I:H,A:H
CVE-2025-31879,AV:N,AC:H,PR:H,UI:R,S:C,C:H,I:H,A:H
CVE-2025-31880,AV:N,AC:H,PR:H,UI:R,S:C,C:H,I:H,A:H
CVE-2025-31881,AV:N,AC:H,PR:H,UI:R,S:C,C:H,I:H,A:H
CVE-2025-31882,AV:N,AC:H,PR:H,UI:R,S:C,C:H,I:H,A:H
CVE-2025-31883,AV:N,AC:H,PR:H,UI:R,S:C,C:H,I:H,A:H
CVE-2025-31884,AV:N,AC:H,PR:H,UI:R,S:C,C:H,I:H,A:H
CVE-2025-31885,AV:N,AC:H,PR:H,UI:R,S:C,C:H,I:H,A:H
CVE-2025-31886,AV:N,AC:H,PR:H,UI:R,S:C,C:H,I:H,A:H
CVE-2025-31887,AV:N,AC:H,PR:H,UI:R,S:C,C:H,I:H,A:H
CVE-2025-31888,AV:N,AC:H,PR:H,UI:R,S:U,C:H,I:L,A:H
CVE-2025-31889,AV:N,AC:H,PR:H,UI:R,S:C,C:H,I:H,A:H
CVE-2025-31890,AV:N,AC:H,PR:H,UI:R,S:C,C:H,I:H,A:H
CVE-2025-31891,AV:N,AC:H,PR:H,UI:R,S:C,C:H,I:H,A:H
CVE-2025-31892,AV:N,AC:H,PR:H,UI:R,S:C,C:H,I:H,A:H
CVE-2025-31893,AV:N,AC:H,PR:H,UI:R,S:C,C:H,I:H,A:H
CVE-2025-31894,AV:N,AC:H,PR:H,UI:R,S:C,C:H,I:H,A:H
CVE-2025-31895,AV:N,AC:H,PR:H,UI:R,S:C,C:H,I:H,A:H
CVE-2025-31896,AV:N,AC:H,PR:H,UI:R,S:C,C:H,I:H,A:H
CVE-2025-31897,AV:N,AC:H,PR:H,UI:R,S:C,C:H,I:H,A:H
CVE-2025-31898,AV:N,AC:H,PR:H,UI:R,S:C,C:H,I:H,A:H
CVE-2025-31899,AV:N,AC:H,PR:H,UI:R,S:U,C:H,I:H,A:H
CVE-2025-31900,AV:N,AC:H,PR:H,UI:R,S:C,C:H,I:H,A:H
CVE-2025-31901,AV:N,AC:L,PR:H,UI:R,S:C,C:H,I:H,A:H
CVE-2025-31902,AV:N,AC:H,PR:H,UI:R,S:C,C:H,I:H,A:H
CVE-2025-31903,AV:N,AC:H,PR:H,UI:R,S:U,C:H,I:H,A:H
CVE-2025-31904,AV:N,AC:L,PR:L,UI:R,S:C,C:H,I:H,A:H
CVE-2025-31905,AV:N,AC:H,PR:H,UI:R,S:C,C:H,I:H,A:H
CVE-2025-31906,AV:N,AC:H,PR:H,UI:R,S:C,C:H,I:H,A:H
CVE-2025-31907,AV:N,AC:H,PR:H,UI:R,S:C,C:H,I:H,A:H
CVE-2025-31908,AV:N,AC:H,PR:H,UI:R,S:C,C:H,I:H,A:H
CVE-2025-31909,AV:N,AC:H,PR:H,UI:R,S:C,C:H,I:H,A:H
CVE-2025-3191,AV:N,AC:H,PR:H,UI:R,S:C,C:H,I:H,A:H
CVE-2025-31910,AV:N,AC:H,PR:H,UI:R,S:C,C:H,I:H,A:H
CVE-2025-31911,AV:N,AC:H,PR:H,UI:R,S:C,C:H,I:H,A:H
CVE-2025-3192,AV:N,AC:H,PR:H,UI:R,S:C,C:H,I:H,A:H
CVE-2025-3194,AV:N,AC:H,PR:H,UI:R,S:C,C:H,I:H,A:H
CVE-2025-3197,AV:N,AC:H,PR:H,UI:R,S:C,C:H,I:H,A:H
CVE-2025-32049,AV:N,AC:H,PR:H,UI:R,S:C,C:H,I:H,A:H
CVE-2025-32050,AV:N,AC:H,PR:H,UI:N,S:C,C:H,I:H,A:H
CVE-2025-32051,AV:N,AC:H,PR:H,UI:R,S:U,C:H,I:H,A:H
CVE-2025-32052,AV:N,AC:H,PR:H,UI:N,S:C,C:H,I:H,A:H
CVE-2025-32053,AV:N,AC:H,PR:H,UI:N,S:C,C:H,I:H,A:H
CVE-2025-32054,AV:N,AC:H,PR:L,UI:R,S:C,C:H,I:L,A:L
CVE-2025-32111,AV:N,AC:H,PR:L,UI:R,S:C,C:H,I:L,A:L
CVE-2025-32112,AV:N,AC:H,PR:H,UI:R,S:C,C:H,I:H,A:L
CVE-2025-32113,AV:N,AC:H,PR:H,UI:R,S:C,C:H,I:H,A:H
CVE-2025-32118,AV:N,AC:H,PR:H,UI:R,S:C,C:H,I:H,A:H
CVE-2025-32120,AV:N,AC:H,PR:H,UI:R,S:C,C:H,I:H,A:H
CVE-2025-32121,AV:N,AC:H,PR:H,UI:R,S:C,C:H,I:H,A:H
CVE-2025-32122,AV:N,AC:H,PR:H,UI:R,S:C,C:H,I:H,A:H
CVE-2025-32124,AV:N,AC:H,PR:H,UI:R,S:C,C:H,I:H,A:H
CVE-2025-32125,AV:N,AC:H,PR:H,UI:R,S:C,C:H,I:H,A:H
CVE-2025-32126,AV:N,AC:H,PR:H,UI:R,S:C,C:H,I:H,A:H
CVE-2025-32127,AV:N,AC:H,PR:H,UI:R,S:C,C:H,I:H,A:H
CVE-2025-32129,AV:N,AC:H,PR:H,UI:R,S:C,C:H,I:H,A:H
CVE-2025-32130,AV:N,AC:H,PR:H,UI:R,S:C,C:H,I:H,A:H
CVE-2025-32131,AV:N,AC:H,PR:H,UI:R,S:C,C:H,I:H,A:H
CVE-2025-32132,AV:N,AC:H,PR:H,UI:R,S:C,C:H,I:H,A:H
CVE-2025-32133,AV:N,AC:H,PR:H,UI:R,S:C,C:H,I:H,A:H
CVE-2025-32134,AV:N,AC:H,PR:H,UI:R,S:C,C:H,I:H,A:H
CVE-2025-32135,AV:N,AC:H,PR:H,UI:R,S:C,C:H,I:H,A:H
CVE-2025-32136,AV:N,AC:H,PR:H,UI:R,S:C,C:H,I:H,A:H
CVE-2025-32137,AV:N,AC:H,PR:H,UI:R,S:C,C:H,I:H,A:H
CVE-2025-32138,AV:N,AC:H,PR:H,UI:R,S:C,C:H,I:H,A:H
CVE-2025-32141,AV:L,AC:H,PR:H,UI:R,S:C,C:H,I:H,A:H
CVE-2025-32142,AV:L,AC:H,PR:H,UI:R,S:C,C:H,I:H,A:H
CVE-2025-32146,AV:L,AC:H,PR:H,UI:R,S:C,C:H,I:H,A:H
CVE-2025-32147,AV:N,AC:H,PR:H,UI:R,S:C,C:H,I:H,A:H
CVE-2025-32148,AV:N,AC:H,PR:H,UI:R,S:C,C:H,I:H,A:H
CVE-2025-32149,AV:N,AC:H,PR:H,UI:R,S:C,C:H,I:H,A:H
CVE-2025-32150,AV:L,AC:H,PR:H,UI:R,S:C,C:H,I:H,A:H
CVE-2025-32151,AV:L,AC:H,PR:H,UI:R,S:C,C:H,I:H,A:H
CVE-2025-32152,AV:L,AC:H,PR:H,UI:R,S:C,C:H,I:H,A:H
CVE-2025-32153,AV:L,AC:H,PR:H,UI:R,S:C,C:H,I:H,A:H
CVE-2025-32154,AV:L,AC:H,PR:H,UI:R,S:C,C:H,I:H,A:H
CVE-2025-32155,AV:L,AC:H,PR:H,UI:R,S:C,C:H,I:H,A:H
CVE-2025-32156,AV:L,AC:H,PR:H,UI:R,S:C,C:H,I:H,A:H
CVE-2025-32157,AV:L,AC:H,PR:H,UI:R,S:C,C:H,I:H,A:H
CVE-2025-32159,AV:L,AC:H,PR:H,UI:R,S:C,C:H,I:H,A:H
CVE-2025-32161,AV:N,AC:H,PR:H,UI:R,S:C,C:H,I:H,A:H
CVE-2025-32162,AV:N,AC:H,PR:H,UI:R,S:C,C:H,I:H,A:H
CVE-2025-32163,AV:N,AC:H,PR:H,UI:R,S:C,C:H,I:H,A:H
CVE-2025-32165,AV:N,AC:H,PR:H,UI:R,S:C,C:H,I:H,A:H
CVE-2025-32166,AV:N,AC:H,PR:H,UI:R,S:C,C:H,I:H,A:H
CVE-2025-32167,AV:N,AC:H,PR:H,UI:R,S:C,C:H,I:H,A:H
CVE-2025-32168,AV:N,AC:H,PR:H,UI:R,S:C,C:H,I:H,A:H
CVE-2025-32169,AV:N,AC:H,PR:H,UI:R,S:C,C:H,I:H,A:H
CVE-2025-32170,AV:N,AC:H,PR:H,UI:R,S:C,C:H,I:H,A:H
CVE-2025-32171,AV:N,AC:H,PR:H,UI:R,S:C,C:H,I:H,A:H
CVE-2025-32172,AV:N,AC:H,PR:H,UI:R,S:C,C:H,I:H,A:H
CVE-2025-32173,AV:N,AC:H,PR:H,UI:R,S:C,C:H,I:H,A:H
CVE-2025-32174,AV:N,AC:L,PR:H,UI:R,S:C,C:H,I:H,A:H
CVE-2025-32175,AV:N,AC:H,PR:H,UI:R,S:C,C:H,I:H,A:H
CVE-2025-32176,AV:N,AC:H,PR:H,UI:R,S:C,C:H,I:H,A:H
CVE-2025-32177,AV:N,AC:H,PR:H,UI:R,S:C,C:H,I:H,A:H
CVE-2025-32178,AV:N,AC:H,PR:H,UI:R,S:C,C:H,I:H,A:H
CVE-2025-32179,AV:N,AC:H,PR:H,UI:R,S:C,C:H,I:H,A:H
CVE-2025-32181,AV:N,AC:H,PR:H,UI:R,S:C,C:H,I:H,A:H
CVE-2025-32182,AV:N,AC:H,PR:H,UI:R,S:C,C:H,I:H,A:H
CVE-2025-32183,AV:N,AC:H,PR:H,UI:R,S:C,C:H,I:H,A:H
CVE-2025-32184,AV:N,AC:H,PR:H,UI:R,S:C,C:H,I:H,A:H
CVE-2025-32185,AV:N,AC:H,PR:H,UI:R,S:C,C:H,I:H,A:H
CVE-2025-32186,AV:N,AC:H,PR:H,UI:R,S:C,C:H,I:H,A:H
CVE-2025-32187,AV:N,AC:H,PR:H,UI:R,S:C,C:H,I:H,A:H
CVE-2025-32188,AV:N,AC:H,PR:H,UI:R,S:C,C:H,I:H,A:H
CVE-2025-32189,AV:N,AC:H,PR:H,UI:R,S:C,C:H,I:H,A:H
CVE-2025-32190,AV:N,AC:H,PR:H,UI:R,S:C,C:H,I:H,A:H
CVE-2025-32191,AV:N,AC:H,PR:H,UI:R,S:C,C:H,I:H,A:H
CVE-2025-32192,AV:N,AC:H,PR:H,UI:R,S:C,C:H,I:H,A:H
CVE-2025-32193,AV:N,AC:H,PR:H,UI:R,S:C,C:H,I:H,A:H
CVE-2025-32194,AV:N,AC:H,PR:H,UI:R,S:C,C:H,I:H,A:H
CVE-2025-32195,AV:N,AC:H,PR:H,UI:R,S:C,C:H,I:H,A:H
CVE-2025-32196,AV:N,AC:H,PR:H,UI:R,S:C,C:H,I:H,A:H
CVE-2025-32197,AV:N,AC:H,PR:H,UI:R,S:U,C:H,I:H,A:H
CVE-2025-32200,AV:N,AC:H,PR:H,UI:R,S:C,C:H,I:H,A:H
CVE-2025-32201,AV:N,AC:H,PR:H,UI:R,S:C,C:H,I:H,A:H
CVE-2025-32203,AV:N,AC:H,PR:H,UI:R,S:C,C:H,I:H,A:H
CVE-2025-32204,AV:N,AC:H,PR:H,UI:R,S:C,C:H,I:H,A:H
CVE-2025-32207,AV:N,AC:H,PR:H,UI:R,S:C,C:H,I:H,A:H
CVE-2025-32217,AV:N,AC:H,PR:H,UI:R,S:C,C:H,I:H,A:H
CVE-2025-32218,AV:N,AC:H,PR:H,UI:R,S:C,C:H,I:H,A:H
CVE-2025-32219,AV:N,AC:H,PR:H,UI:R,S:C,C:H,I:H,A:H
CVE-2025-32220,AV:N,AC:H,PR:H,UI:R,S:C,C:H,I:H,A:H
CVE-2025-32224,AV:N,AC:H,PR:H,UI:R,S:C,C:H,I:H,A:H
CVE-2025-32225,AV:N,AC:H,PR:H,UI:R,S:C,C:H,I:H,A:H
CVE-2025-32226,AV:N,AC:H,PR:H,UI:R,S:C,C:H,I:H,A:H
CVE-2025-32229,AV:N,AC:H,PR:H,UI:R,S:C,C:H,I:H,A:H
CVE-2025-32231,AV:N,AC:H,PR:H,UI:R,S:C,C:H,I:H,A:H
CVE-2025-32232,AV:N,AC:H,PR:H,UI:R,S:C,C:H,I:H,A:H
CVE-2025-32233,AV:N,AC:H,PR:H,UI:R,S:C,C:H,I:H,A:H
CVE-2025-32234,AV:N,AC:H,PR:H,UI:R,S:C,C:H,I:H,A:H
CVE-2025-32235,AV:N,AC:H,PR:H,UI:R,S:C,C:H,I:H,A:H
CVE-2025-32237,AV:N,AC:H,PR:H,UI:R,S:C,C:H,I:H,A:H
CVE-2025-32238,AV:N,AC:H,PR:H,UI:R,S:C,C:H,I:H,A:H
CVE-2025-32239,AV:N,AC:H,PR:H,UI:R,S:C,C:H,I:H,A:H
CVE-2025-32241,AV:N,AC:H,PR:H,UI:R,S:C,C:H,I:H,A:H
CVE-2025-32246,AV:N,AC:H,PR:H,UI:R,S:C,C:H,I:H,A:H
CVE-2025-32247,AV:N,AC:H,PR:H,UI:R,S:C,C:H,I:H,A:H
CVE-2025-32248,AV:N,AC:H,PR:H,UI:R,S:C,C:H,I:H,A:H
CVE-2025-32249,AV:N,AC:H,PR:H,UI:R,S:C,C:H,I:H,A:H
CVE-2025-32250,AV:N,AC:H,PR:H,UI:R,S:C,C:H,I:H,A:H
CVE-2025-32251,AV:N,AC:H,PR:H,UI:R,S:C,C:H,I:H,A:H
CVE-2025-32252,AV:N,AC:H,PR:H,UI:R,S:C,C:H,I:H,A:H
CVE-2025-32253,AV:N,AC:H,PR:H,UI:R,S:C,C:H,I:H,A:H
CVE-2025-32254,AV:N,AC:H,PR:H,UI:R,S:C,C:H,I:H,A:H
CVE-2025-32255,AV:N,AC:H,PR:H,UI:R,S:C,C:H,I:H,A:H
CVE-2025-32256,AV:N,AC:H,PR:H,UI:R,S:C,C:H,I:H,A:H
CVE-2025-32257,AV:N,AC:H,PR:H,UI:R,S:C,C:H,I:H,A:H
CVE-2025-32258,AV:N,AC:H,PR:H,UI:R,S:C,C:H,I:H,A:H
CVE-2025-32261,AV:N,AC:H,PR:L,UI:R,S:C,C:H,I:H,A:H
CVE-2025-32262,AV:N,AC:H,PR:H,UI:R,S:U,C:H,I:H,A:H
CVE-2025-32263,AV:N,AC:H,PR:H,UI:R,S:U,C:H,I:H,A:H
CVE-2025-32264,AV:N,AC:H,PR:H,UI:R,S:C,C:H,I:H,A:H
CVE-2025-32265,AV:N,AC:H,PR:H,UI:R,S:C,C:H,I:H,A:H
CVE-2025-32266,AV:N,AC:H,PR:H,UI:R,S:C,C:H,I:H,A:L
CVE-2025-32267,AV:N,AC:H,PR:H,UI:R,S:C,C:H,I:H,A:H
CVE-2025-32268,AV:N,AC:H,PR:H,UI:R,S:C,C:H,I:H,A:H
CVE-2025-32269,AV:N,AC:H,PR:H,UI:R,S:U,C:H,I:H,A:H
CVE-2025-32270,AV:N,AC:H,PR:H,UI:R,S:C,C:H,I:H,A:L
CVE-2025-32271,AV:N,AC:H,PR:H,UI:R,S:C,C:H,I:H,A:H
CVE-2025-32272,AV:N,AC:H,PR:H,UI:R,S:C,C:H,I:H,A:H
CVE-2025-32273,AV:N,AC:H,PR:H,UI:R,S:U,C:H,I:H,A:H
CVE-2025-32274,AV:N,AC:H,PR:H,UI:N,S:U,C:H,I:H,A:H
CVE-2025-32276,AV:N,AC:H,PR:H,UI:R,S:U,C:H,I:H,A:H
CVE-2025-32277,AV:N,AC:H,PR:H,UI:R,S:C,C:H,I:H,A:H
CVE-2025-32278,AV:N,AC:H,PR:H,UI:R,S:C,C:H,I:H,A:H
CVE-2025-32280,AV:N,AC:L,PR:H,UI:R,S:C,C:H,I:H,A:H
